[2026-05-12 18:58] Checking availability...
[2026-05-12 18:58]   Weeks: 11/05/2026, 18/05/2026, 25/05/2026
[2026-05-12 18:58]   10 available target slot(s) (before level filter)
[2026-05-12 18:58]   NOTIFY: Private Class — Thursday 10:30–11:30 (1 free)
[2026-05-12 18:58]   NOTIFY: Private Class — Wednesday 11:00–12:00 (1 free)
[2026-05-12 18:58]   NOTIFY: Private Class — Wednesday 13:30–14:30 (1 free)
[2026-05-12 18:58]   NOTIFY: Private Class — Wednesday 14:00–15:00 (1 free)
[2026-05-12 18:58]   NOTIFY: Private Class — Wednesday 14:30–15:30 (1 free)
[2026-05-12 18:58]   NOTIFY: Private Class — Thursday 16:00–17:00 (1 free)
[2026-05-12 18:58]   Skip (wrong level): Train and Play Blue — Tuesday 11:00
[2026-05-12 18:58]   NOTIFY: Private Class — Tuesday 12:00–13:00 (1 free)
[2026-05-12 18:58]   NOTIFY: Private Class — Tuesday 15:00–16:00 (1 free)
[2026-05-12 18:58]   NOTIFY: Private Class — Wednesday 15:00–16:00 (1 free)
[2026-05-12 18:58]   Done — notified for 9 new slot(s).
[2026-05-12 18:58] Checking availability...
[2026-05-12 18:58]   Weeks: 11/05/2026, 18/05/2026, 25/05/2026
[2026-05-12 18:58]   10 available target slot(s) (before level filter)
[2026-05-12 18:58]   Skip (wrong level): Train and Play Blue — Tuesday 11:00
[2026-05-12 18:58]   Done — notified for 0 new slot(s).
[2026-05-12 19:00] Checking availability...
[2026-05-12 19:00]   Weeks: 11/05/2026, 18/05/2026, 25/05/2026
[2026-05-12 19:00]   10 available target slot(s) (before level filter)
[2026-05-12 19:00]   NOTIFY: Private Class — Thursday 10:30–11:30 (1 free)
[2026-05-12 19:00]   NOTIFY: Private Class — Wednesday 11:00–12:00 (1 free)
[2026-05-12 19:01] Checking availability...
[2026-05-12 19:01]   Weeks: 11/05/2026, 18/05/2026, 25/05/2026
[2026-05-12 19:01]   10 available target slot(s) (before level filter)
[2026-05-12 19:01]   NOTIFY: Private Class — Thursday 10:30–11:30 (1 free)
[2026-05-12 19:01]   NOTIFY: Private Class — Wednesday 11:00–12:00 (1 free)
[2026-05-12 19:01]   NOTIFY: Private Class — Wednesday 13:30–14:30 (1 free)
[2026-05-12 19:01]   NOTIFY: Private Class — Wednesday 14:00–15:00 (1 free)
[2026-05-12 19:01]   NOTIFY: Private Class — Wednesday 14:30–15:30 (1 free)
[2026-05-12 19:01]   NOTIFY: Private Class — Thursday 16:00–17:00 (1 free)
[2026-05-12 19:01]   Skip (wrong level): Train and Play Blue — Tuesday 11:00
[2026-05-12 19:01]   NOTIFY: Private Class — Tuesday 12:00–13:00 (1 free)
[2026-05-12 19:01]   NOTIFY: Private Class — Tuesday 15:00–16:00 (1 free)
[2026-05-12 19:01]   NOTIFY: Private Class — Wednesday 15:00–16:00 (1 free)
[2026-05-12 19:01]   Done — notified for 9 new slot(s).
[2026-05-12 19:01] Checking availability...
[2026-05-12 19:01]   Weeks: 11/05/2026, 18/05/2026, 25/05/2026
[2026-05-12 19:01]   10 available target slot(s) (before level filter)
[2026-05-12 19:01]   NOTIFY: Private Class — Thursday 10:30–11:30 (1 free)
[2026-05-12 19:01]   NOTIFY: Private Class — Wednesday 11:00–12:00 (1 free)
[2026-05-12 19:01]   NOTIFY: Private Class — Wednesday 13:30–14:30 (1 free)
[2026-05-12 19:01]   NOTIFY: Private Class — Wednesday 14:00–15:00 (1 free)
[2026-05-12 19:01]   NOTIFY: Private Class — Wednesday 14:30–15:30 (1 free)
[2026-05-12 19:01]   NOTIFY: Private Class — Thursday 16:00–17:00 (1 free)
[2026-05-12 19:01]   Skip (wrong level): Train and Play Blue — Tuesday 11:00
[2026-05-12 19:01]   NOTIFY: Private Class — Tuesday 12:00–13:00 (1 free)
[2026-05-12 19:01]   NOTIFY: Private Class — Tuesday 15:00–16:00 (1 free)
[2026-05-12 19:01]   NOTIFY: Private Class — Wednesday 15:00–16:00 (1 free)
[2026-05-12 19:01]   Done — notified for 9 new slot(s).
[2026-05-12 19:04] Checking availability...
[2026-05-12 19:04]   Weeks: 11/05/2026, 18/05/2026, 25/05/2026
[2026-05-12 19:04]   10 available target slot(s) (before level filter)
[2026-05-12 19:04]   Skip (wrong level): Train and Play Blue — Tuesday 11:00
[2026-05-12 19:04]   Done — notified for 0 new slot(s).
[2026-05-12 19:30] Checking availability...
[2026-05-12 19:30]   Weeks: 11/05/2026, 18/05/2026, 25/05/2026
[2026-05-12 19:30]   11 available target slot(s) (before detail checks)
[2026-05-12 19:30]   Skip (excluded instructor): Private Class — Thursday 10:30
[2026-05-12 19:30]   NOTIFY: Private Class — Wednesday 11:00–12:00 (1 free)
[2026-05-12 19:30]   NOTIFY: Private Class — Wednesday 13:30–14:30 (1 free)
[2026-05-12 19:30]   NOTIFY: Private Class — Wednesday 14:00–15:00 (1 free)
[2026-05-12 19:30]   NOTIFY: Private Class — Wednesday 14:30–15:30 (1 free)
[2026-05-12 19:30]   Skip (excluded instructor): Private Class — Thursday 16:00
[2026-05-12 19:30]   Skip (wrong level): Train and Play Blue — Tuesday 11:00
[2026-05-12 19:30]   Skip (excluded instructor): Private Class — Tuesday 12:00
[2026-05-12 19:30]   NOTIFY: Private Class — Thursday 13:00–14:00 (1 free)
[2026-05-12 19:30]   Skip (excluded instructor): Private Class — Tuesday 15:00
[2026-05-12 19:30]   NOTIFY: Private Class — Wednesday 15:00–16:00 (1 free)
[2026-05-12 19:30]   Done — notified for 6 new slot(s).
[2026-05-12 19:37] Checking availability...
[2026-05-12 19:37]   Weeks: 11/05/2026, 18/05/2026, 25/05/2026
[2026-05-12 19:37]   9 available target slot(s) (before detail checks)
[2026-05-12 19:37]   Skip (excluded instructor): Private Class — Thursday 10:30
[2026-05-12 19:37]   Skip (excluded instructor): Private Class — Thursday 16:00
[2026-05-12 19:37]   Skip (wrong level): Train and Play Blue — Tuesday 11:00
[2026-05-12 19:37]   Skip (excluded instructor): Private Class — Tuesday 15:00
[2026-05-12 19:37]   Done — notified for 0 new slot(s).
[2026-05-12 19:41] Checking availability...
[2026-05-12 19:41]   Weeks: 11/05/2026, 18/05/2026, 25/05/2026
[2026-05-12 19:41]   9 available target slot(s) (before detail checks)
[2026-05-12 19:41]   Skip (excluded instructor): Private Class — Thursday 10:30
[2026-05-12 19:41]   NOTIFY: Private Class — Wed 13 May, 11:00–12:00 (1 free)
[2026-05-12 19:41]   NOTIFY: Private Class — Wed 13 May, 13:30–14:30 (1 free)
[2026-05-12 19:41]   NOTIFY: Private Class — Wed 13 May, 14:00–15:00 (1 free)
[2026-05-12 19:41]   NOTIFY: Private Class — Wed 13 May, 14:30–15:30 (1 free)
[2026-05-12 19:41]   Skip (excluded instructor): Private Class — Thursday 16:00
[2026-05-12 19:41]   Skip (wrong level): Train and Play Blue — Tuesday 11:00
[2026-05-12 19:41]   Skip (excluded instructor): Private Class — Tuesday 15:00
[2026-05-12 19:41]   NOTIFY: Private Class — Wed 20 May, 15:00–16:00 (1 free)
[2026-05-12 19:41]   Done — notified for 5 new slot(s).
[2026-05-12 19:46] Checking availability...
[2026-05-12 19:46]   Weeks: 11/05/2026, 18/05/2026, 25/05/2026
[2026-05-12 19:46]   10 available target slot(s) (before detail checks)
[2026-05-12 19:46]   Skip (excluded instructor): Private Class — Thursday 10:30
[2026-05-12 19:46]   NOTIFY: Private Class — Wed 13 May, 11:00–12:00 (1 free)
[2026-05-12 19:46]   iMessage failed: 31:392: execution error: Messages got an error: Invalid key form. (-10002)
[2026-05-12 19:46]   Skip (excluded instructor): Private Class — Thursday 12:00
[2026-05-12 19:46]   NOTIFY: Private Class — Wed 13 May, 13:30–14:30 (1 free)
[2026-05-12 19:46]   iMessage failed: 31:394: execution error: Messages got an error: Invalid key form. (-10002)
[2026-05-12 19:46]   NOTIFY: Private Class — Wed 13 May, 14:00–15:00 (1 free)
[2026-05-12 19:46]   iMessage failed: 31:392: execution error: Messages got an error: Invalid key form. (-10002)
[2026-05-12 19:46]   NOTIFY: Private Class — Wed 13 May, 14:30–15:30 (1 free)
[2026-05-12 19:46]   iMessage failed: 31:394: execution error: Messages got an error: Invalid key form. (-10002)
[2026-05-12 19:46]   Skip (excluded instructor): Private Class — Thursday 16:00
[2026-05-12 19:46]   Skip (wrong level): Train and Play Blue — Tuesday 11:00
[2026-05-12 19:46]   Skip (excluded instructor): Private Class — Tuesday 15:00
[2026-05-12 19:46]   NOTIFY: Private Class — Wed 20 May, 15:00–16:00 (1 free)
[2026-05-12 19:46]   iMessage failed: 31:392: execution error: Messages got an error: Invalid key form. (-10002)
[2026-05-12 19:46]   Done — notified for 5 new slot(s).
[2026-05-12 19:47] Checking availability...
[2026-05-12 19:47]   Weeks: 11/05/2026, 18/05/2026, 25/05/2026
[2026-05-12 19:47]   10 available target slot(s) (before detail checks)
[2026-05-12 19:47]   Skip (excluded instructor): Private Class — Thursday 10:30
[2026-05-12 19:47]   NOTIFY: Private Class — Wed 13 May, 11:00–12:00 (1 free)
[2026-05-12 19:47]   Skip (excluded instructor): Private Class — Thursday 12:00
[2026-05-12 19:47] Checking availability...
[2026-05-12 19:47]   Weeks: 11/05/2026, 18/05/2026, 25/05/2026
[2026-05-12 19:47]   Detail page fetch failed for https://stratfordpadelclub.matchpoint.com.es/actbooking/info.aspx?bid=f2d00ff9e9: <urlopen error timed out>
[2026-05-12 19:47]   NOTIFY: Private Class — Wed 13 May, 13:30–14:30 (1 free)
[2026-05-12 19:47]   NOTIFY: Private Class — Wed 13 May, 14:00–15:00 (1 free)
[2026-05-12 19:47]   NOTIFY: Private Class — Wed 13 May, 14:30–15:30 (1 free)
[2026-05-12 19:47]   Skip (excluded instructor): Private Class — Thursday 16:00
[2026-05-12 19:47]   Skip (wrong level): Train and Play Blue — Tuesday 11:00
[2026-05-12 19:47]   Skip (excluded instructor): Private Class — Tuesday 15:00
[2026-05-12 19:47]   NOTIFY: Private Class — Wed 20 May, 15:00–16:00 (1 free)
[2026-05-12 19:47]   Done — notified for 5 new slot(s).
[2026-05-12 19:48] ERROR:
Traceback (most recent call last):
  File "/Library/Developer/CommandLineTools/Library/Frameworks/Python3.framework/Versions/3.9/lib/python3.9/urllib/request.py", line 1346, in do_open
    h.request(req.get_method(), req.selector, req.data, headers,
  File "/Library/Developer/CommandLineTools/Library/Frameworks/Python3.framework/Versions/3.9/lib/python3.9/http/client.py", line 1257, in request
    self._send_request(method, url, body, headers, encode_chunked)
  File "/Library/Developer/CommandLineTools/Library/Frameworks/Python3.framework/Versions/3.9/lib/python3.9/http/client.py", line 1303, in _send_request
    self.endheaders(body, encode_chunked=encode_chunked)
  File "/Library/Developer/CommandLineTools/Library/Frameworks/Python3.framework/Versions/3.9/lib/python3.9/http/client.py", line 1252, in endheaders
    self._send_output(message_body, encode_chunked=encode_chunked)
  File "/Library/Developer/CommandLineTools/Library/Frameworks/Python3.framework/Versions/3.9/lib/python3.9/http/client.py", line 1012, in _send_output
    self.send(msg)
  File "/Library/Developer/CommandLineTools/Library/Frameworks/Python3.framework/Versions/3.9/lib/python3.9/http/client.py", line 952, in send
    self.connect()
  File "/Library/Developer/CommandLineTools/Library/Frameworks/Python3.framework/Versions/3.9/lib/python3.9/http/client.py", line 1419, in connect
    super().connect()
  File "/Library/Developer/CommandLineTools/Library/Frameworks/Python3.framework/Versions/3.9/lib/python3.9/http/client.py", line 923, in connect
    self.sock = self._create_connection(
  File "/Library/Developer/CommandLineTools/Library/Frameworks/Python3.framework/Versions/3.9/lib/python3.9/socket.py", line 843, in create_connection
    raise err
  File "/Library/Developer/CommandLineTools/Library/Frameworks/Python3.framework/Versions/3.9/lib/python3.9/socket.py", line 831, in create_connection
    sock.connect(sa)
socket.timeout: timed out

During handling of the above exception, another exception occurred:

Traceback (most recent call last):
  File "/Users/meganward/personal/padel-booking/check_padel.py", line 246, in <module>
    main()
  File "/Users/meganward/personal/padel-booking/check_padel.py", line 188, in main
    activities = get_activities_for_week(week["NumeroSemana"], week["Anyo"])
  File "/Users/meganward/personal/padel-booking/check_padel.py", line 61, in get_activities_for_week
    result = post_json("/ActBooking/srvc.aspx/ObtenerCuadroActividadesSemanal", body)
  File "/Users/meganward/personal/padel-booking/check_padel.py", line 42, in post_json
    with urllib.request.urlopen(req, timeout=15) as resp:
  File "/Library/Developer/CommandLineTools/Library/Frameworks/Python3.framework/Versions/3.9/lib/python3.9/urllib/request.py", line 214, in urlopen
    return opener.open(url, data, timeout)
  File "/Library/Developer/CommandLineTools/Library/Frameworks/Python3.framework/Versions/3.9/lib/python3.9/urllib/request.py", line 517, in open
    response = self._open(req, data)
  File "/Library/Developer/CommandLineTools/Library/Frameworks/Python3.framework/Versions/3.9/lib/python3.9/urllib/request.py", line 534, in _open
    result = self._call_chain(self.handle_open, protocol, protocol +
  File "/Library/Developer/CommandLineTools/Library/Frameworks/Python3.framework/Versions/3.9/lib/python3.9/urllib/request.py", line 494, in _call_chain
    result = func(*args)
  File "/Library/Developer/CommandLineTools/Library/Frameworks/Python3.framework/Versions/3.9/lib/python3.9/urllib/request.py", line 1389, in https_open
    return self.do_open(http.client.HTTPSConnection, req,
  File "/Library/Developer/CommandLineTools/Library/Frameworks/Python3.framework/Versions/3.9/lib/python3.9/urllib/request.py", line 1349, in do_open
    raise URLError(err)
urllib.error.URLError: <urlopen error timed out>

[2026-05-12 19:49] Checking availability...
[2026-05-12 19:49]   Weeks: 11/05/2026, 18/05/2026, 25/05/2026
[2026-05-12 19:49]   11 available target slot(s) (before detail checks)
[2026-05-12 19:49]   Skip (excluded instructor): Private Class — Thursday 10:30
[2026-05-12 19:49]   NOTIFY: Private Class — Wed 13 May, 11:00–12:00 (1 free)
[2026-05-12 19:49]   Skip (excluded instructor): Private Class — Thursday 12:00
[2026-05-12 19:49]   NOTIFY: Private Class — Wed 13 May, 13:30–14:30 (1 free)
[2026-05-12 19:49]   NOTIFY: Private Class — Wed 13 May, 14:00–15:00 (1 free)
[2026-05-12 19:49]   NOTIFY: Private Class — Wed 13 May, 14:30–15:30 (1 free)
[2026-05-12 19:49]   Skip (excluded instructor): Private Class — Thursday 16:00
[2026-05-12 19:49]   Skip (wrong level): Train and Play Blue — Tuesday 11:00
[2026-05-12 19:49]   Detail page fetch failed for https://stratfordpadelclub.matchpoint.com.es/actbooking/info.aspx?bid=c7630964ac: <urlopen error timed out>
[2026-05-12 19:49]   NOTIFY: Private Class — Thu 21 May, 13:00–14:00 (1 free)
[2026-05-12 19:49]   Skip (excluded instructor): Private Class — Tuesday 15:00
[2026-05-12 19:49]   NOTIFY: Private Class — Wed 20 May, 15:00–16:00 (1 free)
[2026-05-12 19:49]   Done — notified for 6 new slot(s).
[2026-05-12 19:50] Checking availability...
[2026-05-12 19:50]   Weeks: 11/05/2026, 18/05/2026, 25/05/2026
[2026-05-12 19:50]   11 available target slot(s) (before detail checks)
[2026-05-12 19:50]   Skip (excluded instructor): Private Class — Thursday 10:30
[2026-05-12 19:50]   NOTIFY: Private Class — Wed 13 May, 11:00–12:00 (1 free)
[2026-05-12 19:50]   Skip (excluded instructor): Private Class — Thursday 12:00
[2026-05-12 19:50]   NOTIFY: Private Class — Wed 13 May, 13:30–14:30 (1 free)
[2026-05-12 19:50]   NOTIFY: Private Class — Wed 13 May, 14:00–15:00 (1 free)
[2026-05-12 19:50]   NOTIFY: Private Class — Wed 13 May, 14:30–15:30 (1 free)
[2026-05-12 19:50]   Skip (excluded instructor): Private Class — Thursday 16:00
[2026-05-12 19:50]   Skip (wrong level): Train and Play Blue — Tuesday 11:00
[2026-05-12 19:50]   NOTIFY: Private Class — Thu 21 May, 13:00–14:00 (1 free)
[2026-05-12 19:50]   Skip (excluded instructor): Private Class — Tuesday 15:00
[2026-05-12 19:50]   NOTIFY: Private Class — Wed 20 May, 15:00–16:00 (1 free)
[2026-05-12 19:50]   Done — notified for 6 new slot(s).
[2026-05-12 19:58] Checking availability...
[2026-05-12 19:58]   Weeks: 11/05/2026, 18/05/2026, 25/05/2026
[2026-05-12 19:58]   10 available target slot(s) (before detail checks)
[2026-05-12 19:58]   Skip (excluded instructor): Private Class — Thursday 10:30
[2026-05-12 19:58]   Skip (excluded instructor): Private Class — Thursday 16:00
[2026-05-12 19:58]   Skip (wrong level): Train and Play Blue — Tuesday 11:00
[2026-05-12 19:58]   Detail page fetch failed for https://stratfordpadelclub.matchpoint.com.es/actbooking/info.aspx?bid=63ece00608: <urlopen error timed out>
[2026-05-12 19:58]   NOTIFY: Private Class — Tue 19 May, 15:00–16:00 (1 free)
[2026-05-12 19:58]   Done — notified for 1 new slot(s).
[2026-05-12 22:32] Checking availability...
[2026-05-12 22:32]   Weeks: 11/05/2026, 18/05/2026, 25/05/2026
[2026-05-12 22:32]   7 available target slot(s) (before detail checks)
[2026-05-12 22:32]   Skip (excluded instructor): Private Class — Thursday 10:30
[2026-05-12 22:32]   Skip (excluded instructor): Private Class — Thursday 16:00
[2026-05-12 22:32]   Skip (wrong level): Train and Play Blue — Tuesday 11:00
[2026-05-12 22:32]   Done — notified for 0 new slot(s).
[2026-05-12 22:42] Checking availability...
[2026-05-12 22:42]   Weeks: 11/05/2026, 18/05/2026, 25/05/2026
[2026-05-12 22:42]   7 available target slot(s) (before detail checks)
[2026-05-12 22:42]   Skip (excluded instructor): Private Class — Thursday 10:30
[2026-05-12 22:42]   Skip (excluded instructor): Private Class — Thursday 16:00
[2026-05-12 22:42]   Skip (wrong level): Train and Play Blue — Tuesday 11:00
[2026-05-12 22:42]   Done — notified for 0 new slot(s).
[2026-05-12 23:20] Checking availability...
[2026-05-12 23:20]   Weeks: 11/05/2026, 18/05/2026, 25/05/2026
[2026-05-12 23:20]   7 available target slot(s) (before detail checks)
[2026-05-12 23:20]   Skip (excluded instructor): Private Class — Thursday 10:30
[2026-05-12 23:20]   Skip (excluded instructor): Private Class — Thursday 16:00
[2026-05-12 23:20]   Skip (wrong level): Train and Play Blue — Tuesday 11:00
[2026-05-12 23:20]   Done — notified for 0 new slot(s).
[2026-05-12 23:30] Checking availability...
[2026-05-12 23:30]   Weeks: 11/05/2026, 18/05/2026, 25/05/2026
[2026-05-12 23:30]   7 available target slot(s) (before detail checks)
[2026-05-12 23:30]   Skip (excluded instructor): Private Class — Thursday 10:30
[2026-05-12 23:30]   Skip (excluded instructor): Private Class — Thursday 16:00
[2026-05-12 23:30]   Skip (wrong level): Train and Play Blue — Tuesday 11:00
[2026-05-12 23:30]   Done — notified for 0 new slot(s).
[2026-05-13 06:05] Checking availability...
[2026-05-13 06:05]   Weeks: 11/05/2026, 18/05/2026, 25/05/2026
[2026-05-13 06:05]   6 available target slot(s) (before detail checks)
[2026-05-13 06:05]   Skip (excluded instructor): Private Class — Thursday 10:30
[2026-05-13 06:05]   Skip (excluded instructor): Private Class — Thursday 16:00
[2026-05-13 06:05]   Skip (wrong level): Train and Play Blue — Tuesday 11:00
[2026-05-13 06:05]   Done — notified for 0 new slot(s).
[2026-05-13 09:38] Checking availability...
[2026-05-13 09:38]   Weeks: 11/05/2026, 18/05/2026, 25/05/2026
[2026-05-13 09:38]   6 available target slot(s) (before detail checks)
[2026-05-13 09:38]   Skip (excluded instructor): Private Class — Thursday 10:30
[2026-05-13 09:38]   Skip (excluded instructor): Private Class — Thursday 12:00
[2026-05-13 09:38]   Skip (excluded instructor): Private Class — Thursday 16:00
[2026-05-13 09:38]   Skip (wrong level): Train and Play Blue — Tuesday 11:00
[2026-05-13 09:38]   Done — notified for 0 new slot(s).
[2026-05-13 09:48] Checking availability...
[2026-05-13 09:48]   Weeks: 11/05/2026, 18/05/2026, 25/05/2026
[2026-05-13 09:48]   6 available target slot(s) (before detail checks)
[2026-05-13 09:48]   Skip (excluded instructor): Private Class — Thursday 10:30
[2026-05-13 09:48]   Skip (excluded instructor): Private Class — Thursday 12:00
[2026-05-13 09:48]   Skip (excluded instructor): Private Class — Thursday 16:00
[2026-05-13 09:48]   Skip (wrong level): Train and Play Blue — Tuesday 11:00
[2026-05-13 09:48]   Done — notified for 0 new slot(s).
[2026-05-13 09:58] Checking availability...
[2026-05-13 09:58]   Weeks: 11/05/2026, 18/05/2026, 25/05/2026
[2026-05-13 09:58]   6 available target slot(s) (before detail checks)
[2026-05-13 09:58]   Skip (excluded instructor): Private Class — Thursday 10:30
[2026-05-13 09:58]   Skip (excluded instructor): Private Class — Thursday 12:00
[2026-05-13 09:58]   Skip (excluded instructor): Private Class — Thursday 16:00
[2026-05-13 09:58]   Skip (wrong level): Train and Play Blue — Tuesday 11:00
[2026-05-13 09:58]   Done — notified for 0 new slot(s).
[2026-05-13 10:08] Checking availability...
[2026-05-13 10:08]   Weeks: 11/05/2026, 18/05/2026, 25/05/2026
[2026-05-13 10:08]   6 available target slot(s) (before detail checks)
[2026-05-13 10:08]   Skip (excluded instructor): Private Class — Thursday 10:30
[2026-05-13 10:08]   Skip (excluded instructor): Private Class — Thursday 12:00
[2026-05-13 10:08]   Skip (excluded instructor): Private Class — Thursday 16:00
[2026-05-13 10:08]   Skip (wrong level): Train and Play Blue — Tuesday 11:00
[2026-05-13 10:08]   Done — notified for 0 new slot(s).
[2026-05-13 10:18] Checking availability...
[2026-05-13 10:18]   Weeks: 11/05/2026, 18/05/2026, 25/05/2026
[2026-05-13 10:18]   6 available target slot(s) (before detail checks)
[2026-05-13 10:18]   Skip (excluded instructor): Private Class — Thursday 10:30
[2026-05-13 10:18]   Skip (excluded instructor): Private Class — Thursday 12:00
[2026-05-13 10:18]   Skip (excluded instructor): Private Class — Thursday 16:00
[2026-05-13 10:18]   Skip (wrong level): Train and Play Blue — Tuesday 11:00
[2026-05-13 10:18]   Done — notified for 0 new slot(s).
[2026-05-13 10:39] Checking availability...
[2026-05-13 10:39]   Weeks: 11/05/2026, 18/05/2026, 25/05/2026
[2026-05-13 10:39]   6 available target slot(s) (before detail checks)
[2026-05-13 10:39]   Skip (excluded instructor): Private Class — Thursday 10:30
[2026-05-13 10:39]   Skip (excluded instructor): Private Class — Thursday 12:00
[2026-05-13 10:39]   Skip (excluded instructor): Private Class — Thursday 16:00
[2026-05-13 10:39]   Skip (wrong level): Train and Play Blue — Tuesday 11:00
[2026-05-13 10:39]   Done — notified for 0 new slot(s).
[2026-05-13 10:49] Checking availability...
[2026-05-13 10:49]   Weeks: 11/05/2026, 18/05/2026, 25/05/2026
[2026-05-13 10:49]   6 available target slot(s) (before detail checks)
[2026-05-13 10:49]   Skip (excluded instructor): Private Class — Thursday 10:30
[2026-05-13 10:49]   Skip (excluded instructor): Private Class — Thursday 12:00
[2026-05-13 10:49]   Skip (excluded instructor): Private Class — Thursday 16:00
[2026-05-13 10:49]   Skip (wrong level): Train and Play Blue — Tuesday 11:00
[2026-05-13 10:49]   Done — notified for 0 new slot(s).
[2026-05-13 10:59] Checking availability...
[2026-05-13 10:59]   Weeks: 11/05/2026, 18/05/2026, 25/05/2026
[2026-05-13 10:59]   6 available target slot(s) (before detail checks)
[2026-05-13 10:59]   Skip (excluded instructor): Private Class — Thursday 10:30
[2026-05-13 10:59]   Skip (excluded instructor): Private Class — Thursday 12:00
[2026-05-13 10:59]   Skip (excluded instructor): Private Class — Thursday 16:00
[2026-05-13 11:00]   Detail page fetch failed for https://stratfordpadelclub.matchpoint.com.es/actbooking/info.aspx?bid=f60d47d405: <urlopen error timed out>
[2026-05-13 11:00]   Skip (wrong level): Train and Play Blue — Tuesday 11:00
[2026-05-13 11:00]   Done — notified for 0 new slot(s).
[2026-05-13 11:10] Checking availability...
[2026-05-13 11:10]   Weeks: 11/05/2026, 18/05/2026, 25/05/2026
[2026-05-13 11:10]   6 available target slot(s) (before detail checks)
[2026-05-13 11:10]   Skip (excluded instructor): Private Class — Thursday 10:30
[2026-05-13 11:10]   Skip (excluded instructor): Private Class — Thursday 12:00
[2026-05-13 11:10]   Skip (excluded instructor): Private Class — Thursday 16:00
[2026-05-13 11:10]   Skip (wrong level): Train and Play Blue — Tuesday 11:00
[2026-05-13 11:10]   Done — notified for 0 new slot(s).
[2026-05-13 11:23] Checking availability...
[2026-05-13 11:23]   Weeks: 11/05/2026, 18/05/2026, 25/05/2026
[2026-05-13 11:23]   6 available target slot(s) (before detail checks)
[2026-05-13 11:23]   Skip (excluded instructor): Private Class — Thursday 10:30
[2026-05-13 11:23]   Skip (excluded instructor): Private Class — Thursday 12:00
[2026-05-13 11:23]   Skip (excluded instructor): Private Class — Thursday 16:00
[2026-05-13 11:23]   Skip (wrong level): Train and Play Blue — Tuesday 11:00
[2026-05-13 11:23]   Done — notified for 0 new slot(s).
[2026-05-13 11:33] Checking availability...
[2026-05-13 11:33]   Weeks: 11/05/2026, 18/05/2026, 25/05/2026
[2026-05-13 11:33]   7 available target slot(s) (before detail checks)
[2026-05-13 11:33]   Skip (excluded instructor): Private Class — Thursday 10:30
[2026-05-13 11:33]   Skip (excluded instructor): Private Class — Wednesday 14:00
[2026-05-13 11:33]   Skip (excluded instructor): Private Class — Thursday 16:00
[2026-05-13 11:33]   Skip (wrong level): Train and Play Blue — Tuesday 11:00
[2026-05-13 11:33]   Skip (excluded instructor): Private Class — Tuesday 12:00
[2026-05-13 11:33]   Done — notified for 0 new slot(s).
[2026-05-13 11:43] Checking availability...
[2026-05-13 11:43]   Weeks: 11/05/2026, 18/05/2026, 25/05/2026
[2026-05-13 11:43]   7 available target slot(s) (before detail checks)
[2026-05-13 11:43]   Skip (excluded instructor): Private Class — Thursday 10:30
[2026-05-13 11:43]   Skip (excluded instructor): Private Class — Wednesday 14:00
[2026-05-13 11:43]   Skip (excluded instructor): Private Class — Thursday 16:00
[2026-05-13 11:43]   Skip (wrong level): Train and Play Blue — Tuesday 11:00
[2026-05-13 11:43]   Skip (excluded instructor): Private Class — Tuesday 12:00
[2026-05-13 11:43]   Done — notified for 0 new slot(s).
[2026-05-13 11:53] Checking availability...
[2026-05-13 11:53]   Weeks: 11/05/2026, 18/05/2026, 25/05/2026
[2026-05-13 11:53]   7 available target slot(s) (before detail checks)
[2026-05-13 11:53]   Skip (excluded instructor): Private Class — Thursday 10:30
[2026-05-13 11:53]   Skip (excluded instructor): Private Class — Wednesday 14:00
[2026-05-13 11:53]   Skip (excluded instructor): Private Class — Thursday 16:00
[2026-05-13 11:53]   Skip (wrong level): Train and Play Blue — Tuesday 11:00
[2026-05-13 11:53]   Skip (excluded instructor): Private Class — Tuesday 12:00
[2026-05-13 11:53]   Done — notified for 0 new slot(s).
[2026-05-13 12:03] Checking availability...
[2026-05-13 12:03]   Weeks: 11/05/2026, 18/05/2026, 25/05/2026
[2026-05-13 12:03]   6 available target slot(s) (before detail checks)
[2026-05-13 12:03]   Skip (excluded instructor): Private Class — Thursday 10:30
[2026-05-13 12:03]   Skip (excluded instructor): Private Class — Wednesday 14:00
[2026-05-13 12:03]   Skip (wrong level): Train and Play Blue — Tuesday 11:00
[2026-05-13 12:03]   Skip (excluded instructor): Private Class — Tuesday 12:00
[2026-05-13 12:03]   Done — notified for 0 new slot(s).
[2026-05-13 12:13] Checking availability...
[2026-05-13 12:13]   Weeks: 11/05/2026, 18/05/2026, 25/05/2026
[2026-05-13 12:14]   6 available target slot(s) (before detail checks)
[2026-05-13 12:14]   Skip (excluded instructor): Private Class — Thursday 10:30
[2026-05-13 12:14]   Skip (excluded instructor): Private Class — Wednesday 14:00
[2026-05-13 12:14]   Skip (wrong level): Train and Play Blue — Tuesday 11:00
[2026-05-13 12:14]   Skip (excluded instructor): Private Class — Tuesday 12:00
[2026-05-13 12:14]   Done — notified for 0 new slot(s).
[2026-05-13 12:25] Checking availability...
[2026-05-13 12:25]   Weeks: 11/05/2026, 18/05/2026, 25/05/2026
[2026-05-13 12:25]   4 available target slot(s) (before detail checks)
[2026-05-13 12:25]   Skip (excluded instructor): Private Class — Thursday 10:30
[2026-05-13 12:25]   Skip (excluded instructor): Private Class — Wednesday 14:00
[2026-05-13 12:25]   Skip (wrong level): Train and Play Blue — Tuesday 11:00
[2026-05-13 12:25]   Done — notified for 0 new slot(s).
[2026-05-13 12:35] Checking availability...
[2026-05-13 12:35]   Weeks: 11/05/2026, 18/05/2026, 25/05/2026
[2026-05-13 12:35]   3 available target slot(s) (before detail checks)
[2026-05-13 12:35]   Skip (excluded instructor): Private Class — Thursday 10:30
[2026-05-13 12:35]   Detail page fetch failed for https://stratfordpadelclub.matchpoint.com.es/actbooking/info.aspx?bid=f60d47d405: <urlopen error timed out>
[2026-05-13 12:35]   Skip (wrong level): Train and Play Blue — Tuesday 11:00
[2026-05-13 12:35]   Done — notified for 0 new slot(s).
[2026-05-13 13:03] Checking availability...
[2026-05-13 13:03]   Weeks: 11/05/2026, 18/05/2026, 25/05/2026
[2026-05-13 13:03]   2 available target slot(s) (before detail checks)
[2026-05-13 13:03]   Skip (excluded instructor): Private Class — Thursday 10:30
[2026-05-13 13:03]   Skip (wrong level): Train and Play Blue — Tuesday 11:00
[2026-05-13 13:03]   Done — notified for 0 new slot(s).
[2026-05-13 13:37] Checking availability...
[2026-05-13 13:37]   Weeks: 11/05/2026, 18/05/2026, 25/05/2026
[2026-05-13 13:37]   2 available target slot(s) (before detail checks)
[2026-05-13 13:37]   Skip (excluded instructor): Private Class — Thursday 10:30
[2026-05-13 13:37]   Skip (wrong level): Train and Play Blue — Tuesday 11:00
[2026-05-13 13:37]   Done — notified for 0 new slot(s).
[2026-05-13 13:47] Checking availability...
[2026-05-13 13:47]   Weeks: 11/05/2026, 18/05/2026, 25/05/2026
[2026-05-13 13:47]   2 available target slot(s) (before detail checks)
[2026-05-13 13:47]   Skip (excluded instructor): Private Class — Thursday 10:30
[2026-05-13 13:47]   Skip (wrong level): Train and Play Blue — Tuesday 11:00
[2026-05-13 13:47]   Done — notified for 0 new slot(s).
[2026-05-13 13:57] Checking availability...
[2026-05-13 13:57]   Weeks: 11/05/2026, 18/05/2026, 25/05/2026
[2026-05-13 13:57]   2 available target slot(s) (before detail checks)
[2026-05-13 13:57]   Skip (excluded instructor): Private Class — Thursday 10:30
[2026-05-13 13:57]   Skip (wrong level): Train and Play Blue — Tuesday 11:00
[2026-05-13 13:57]   Done — notified for 0 new slot(s).
[2026-05-13 14:07] Checking availability...
[2026-05-13 14:07]   Weeks: 11/05/2026, 18/05/2026, 25/05/2026
[2026-05-13 14:07]   2 available target slot(s) (before detail checks)
[2026-05-13 14:07]   Skip (excluded instructor): Private Class — Thursday 10:30
[2026-05-13 14:07]   Skip (wrong level): Train and Play Blue — Tuesday 11:00
[2026-05-13 14:07]   Done — notified for 0 new slot(s).
[2026-05-13 14:17] Checking availability...
[2026-05-13 14:17]   Weeks: 11/05/2026, 18/05/2026, 25/05/2026
[2026-05-13 14:17]   2 available target slot(s) (before detail checks)
[2026-05-13 14:18]   Skip (excluded instructor): Private Class — Thursday 10:30
[2026-05-13 14:18]   Skip (wrong level): Train and Play Blue — Tuesday 11:00
[2026-05-13 14:18]   Done — notified for 0 new slot(s).
[2026-05-13 14:28] Checking availability...
[2026-05-13 14:28]   Weeks: 11/05/2026, 18/05/2026, 25/05/2026
[2026-05-13 14:28]   2 available target slot(s) (before detail checks)
[2026-05-13 14:28]   Skip (excluded instructor): Private Class — Thursday 10:30
[2026-05-13 14:28]   Skip (wrong level): Train and Play Blue — Tuesday 11:00
[2026-05-13 14:28]   Done — notified for 0 new slot(s).
[2026-05-13 14:38] Checking availability...
[2026-05-13 14:38]   Weeks: 11/05/2026, 18/05/2026, 25/05/2026
[2026-05-13 14:38] ERROR:
Traceback (most recent call last):
  File "/Library/Developer/CommandLineTools/Library/Frameworks/Python3.framework/Versions/3.9/lib/python3.9/urllib/request.py", line 1346, in do_open
    h.request(req.get_method(), req.selector, req.data, headers,
  File "/Library/Developer/CommandLineTools/Library/Frameworks/Python3.framework/Versions/3.9/lib/python3.9/http/client.py", line 1257, in request
    self._send_request(method, url, body, headers, encode_chunked)
  File "/Library/Developer/CommandLineTools/Library/Frameworks/Python3.framework/Versions/3.9/lib/python3.9/http/client.py", line 1303, in _send_request
    self.endheaders(body, encode_chunked=encode_chunked)
  File "/Library/Developer/CommandLineTools/Library/Frameworks/Python3.framework/Versions/3.9/lib/python3.9/http/client.py", line 1252, in endheaders
    self._send_output(message_body, encode_chunked=encode_chunked)
  File "/Library/Developer/CommandLineTools/Library/Frameworks/Python3.framework/Versions/3.9/lib/python3.9/http/client.py", line 1012, in _send_output
    self.send(msg)
  File "/Library/Developer/CommandLineTools/Library/Frameworks/Python3.framework/Versions/3.9/lib/python3.9/http/client.py", line 952, in send
    self.connect()
  File "/Library/Developer/CommandLineTools/Library/Frameworks/Python3.framework/Versions/3.9/lib/python3.9/http/client.py", line 1419, in connect
    super().connect()
  File "/Library/Developer/CommandLineTools/Library/Frameworks/Python3.framework/Versions/3.9/lib/python3.9/http/client.py", line 923, in connect
    self.sock = self._create_connection(
  File "/Library/Developer/CommandLineTools/Library/Frameworks/Python3.framework/Versions/3.9/lib/python3.9/socket.py", line 843, in create_connection
    raise err
  File "/Library/Developer/CommandLineTools/Library/Frameworks/Python3.framework/Versions/3.9/lib/python3.9/socket.py", line 831, in create_connection
    sock.connect(sa)
socket.timeout: timed out

During handling of the above exception, another exception occurred:

Traceback (most recent call last):
  File "/Users/meganward/personal/padel-booking/check_padel.py", line 246, in <module>
    main()
  File "/Users/meganward/personal/padel-booking/check_padel.py", line 188, in main
    activities = get_activities_for_week(week["NumeroSemana"], week["Anyo"])
  File "/Users/meganward/personal/padel-booking/check_padel.py", line 61, in get_activities_for_week
    result = post_json("/ActBooking/srvc.aspx/ObtenerCuadroActividadesSemanal", body)
  File "/Users/meganward/personal/padel-booking/check_padel.py", line 42, in post_json
    with urllib.request.urlopen(req, timeout=15) as resp:
  File "/Library/Developer/CommandLineTools/Library/Frameworks/Python3.framework/Versions/3.9/lib/python3.9/urllib/request.py", line 214, in urlopen
    return opener.open(url, data, timeout)
  File "/Library/Developer/CommandLineTools/Library/Frameworks/Python3.framework/Versions/3.9/lib/python3.9/urllib/request.py", line 517, in open
    response = self._open(req, data)
  File "/Library/Developer/CommandLineTools/Library/Frameworks/Python3.framework/Versions/3.9/lib/python3.9/urllib/request.py", line 534, in _open
    result = self._call_chain(self.handle_open, protocol, protocol +
  File "/Library/Developer/CommandLineTools/Library/Frameworks/Python3.framework/Versions/3.9/lib/python3.9/urllib/request.py", line 494, in _call_chain
    result = func(*args)
  File "/Library/Developer/CommandLineTools/Library/Frameworks/Python3.framework/Versions/3.9/lib/python3.9/urllib/request.py", line 1389, in https_open
    return self.do_open(http.client.HTTPSConnection, req,
  File "/Library/Developer/CommandLineTools/Library/Frameworks/Python3.framework/Versions/3.9/lib/python3.9/urllib/request.py", line 1349, in do_open
    raise URLError(err)
urllib.error.URLError: <urlopen error timed out>

[2026-05-13 14:48] Checking availability...
[2026-05-13 14:48]   Weeks: 11/05/2026, 18/05/2026, 25/05/2026
[2026-05-13 14:48]   2 available target slot(s) (before detail checks)
[2026-05-13 14:48]   Skip (excluded instructor): Private Class — Thursday 10:30
[2026-05-13 14:48]   Skip (wrong level): Train and Play Blue — Tuesday 11:00
[2026-05-13 14:48]   Done — notified for 0 new slot(s).
[2026-05-13 14:58] Checking availability...
[2026-05-13 14:58]   Weeks: 11/05/2026, 18/05/2026, 25/05/2026
[2026-05-13 14:58]   2 available target slot(s) (before detail checks)
[2026-05-13 14:58]   Skip (excluded instructor): Private Class — Thursday 10:30
[2026-05-13 14:58]   Skip (wrong level): Train and Play Blue — Tuesday 11:00
[2026-05-13 14:58]   Done — notified for 0 new slot(s).
[2026-05-13 15:08] Checking availability...
[2026-05-13 15:08]   Weeks: 11/05/2026, 18/05/2026, 25/05/2026
[2026-05-13 15:08]   2 available target slot(s) (before detail checks)
[2026-05-13 15:08]   Skip (excluded instructor): Private Class — Thursday 10:30
[2026-05-13 15:08]   Skip (wrong level): Train and Play Blue — Tuesday 11:00
[2026-05-13 15:08]   Done — notified for 0 new slot(s).
[2026-05-13 15:10] Checking availability...
[2026-05-13 15:10]   Weeks: 11/05/2026, 18/05/2026, 25/05/2026, 01/06/2026
[2026-05-13 15:10]   2 available target slot(s) (before detail checks)
[2026-05-13 15:10]   Skip (excluded instructor): Private Class — Thursday 10:30
[2026-05-13 15:10]   Skip (wrong level): Train and Play Blue — Tuesday 11:00
[2026-05-13 15:10]   Done — notified for 0 new slot(s).
[2026-05-13 15:18] Checking availability...
[2026-05-13 15:18]   Weeks: 11/05/2026, 18/05/2026, 25/05/2026, 01/06/2026
[2026-05-13 15:18]   2 available target slot(s) (before detail checks)
[2026-05-13 15:18]   Skip (excluded instructor): Private Class — Thursday 10:30
[2026-05-13 15:18]   Skip (wrong level): Train and Play Blue — Tuesday 11:00
[2026-05-13 15:18]   Done — notified for 0 new slot(s).
[2026-05-13 15:28] Checking availability...
[2026-05-13 15:28]   Weeks: 11/05/2026, 18/05/2026, 25/05/2026, 01/06/2026
[2026-05-13 15:28]   3 available target slot(s) (before detail checks)
[2026-05-13 15:28]   Skip (excluded instructor): Private Class — Thursday 10:30
[2026-05-13 15:28]   Skip (wrong level): Train and Play Blue — Tuesday 11:00
[2026-05-13 15:28]   NOTIFY: Private Class — Thu 21 May, 15:00–16:00 (1 free)
[2026-05-13 15:28]   Done — notified for 1 new slot(s).
[2026-05-13 15:38] Checking availability...
[2026-05-13 15:38]   Weeks: 11/05/2026, 18/05/2026, 25/05/2026, 01/06/2026
[2026-05-13 15:38]   3 available target slot(s) (before detail checks)
[2026-05-13 15:38]   Detail page fetch failed for https://stratfordpadelclub.matchpoint.com.es/actbooking/info.aspx?bid=cfebdd8661: <urlopen error timed out>
[2026-05-13 15:38]   NOTIFY: Private Class — Thu 14 May, 10:30–11:30 (1 free)
[2026-05-13 15:38]   iMessage error: Command '['osascript', '-e', '\ntell application "Messages"\n    set s to 1st service whose service type = iMessage\n    set b to buddy "wardmegan98@gmail.com" of s\n    send "Private Class — Thu 14 May, 10:30–11:30 · Book: https://stratfordpadelclub.matchpoint.com.es/actbooking/info.aspx?bid=cfebdd86619d93b9253db0a41cdf659b&progid=8cf46e72728cc2409f2de8cc87d86bfb&d=14-05-2026&return_url=https://stratfordpadelclub.matchpoint.com.es/actbooking/weekgrid.aspx" to b\nend tell\n']' timed out after 15 seconds
[2026-05-13 15:38]   Skip (wrong level): Train and Play Blue — Tuesday 11:00
[2026-05-13 15:38]   Done — notified for 1 new slot(s).
[2026-05-13 15:48] Checking availability...
[2026-05-13 15:48]   Weeks: 11/05/2026, 18/05/2026, 25/05/2026, 01/06/2026
[2026-05-13 15:49]   3 available target slot(s) (before detail checks)
[2026-05-13 15:49]   Skip (wrong level): Train and Play Blue — Tuesday 11:00
[2026-05-13 15:49]   Done — notified for 0 new slot(s).
[2026-05-13 15:59] Checking availability...
[2026-05-13 15:59]   Weeks: 11/05/2026, 18/05/2026, 25/05/2026, 01/06/2026
[2026-05-13 15:59]   5 available target slot(s) (before detail checks)
[2026-05-13 15:59]   Skip (excluded instructor): Private Class — Thursday 12:00
[2026-05-13 15:59]   Skip (excluded instructor): Private Class — Thursday 16:00
[2026-05-13 15:59]   Skip (excluded instructor): Private Class — Thursday 17:00
[2026-05-13 15:59]   Skip (wrong level): Train and Play Blue — Tuesday 11:00
[2026-05-13 15:59]   Done — notified for 0 new slot(s).
[2026-05-13 16:09] Checking availability...
[2026-05-13 16:09]   Weeks: 11/05/2026, 18/05/2026, 25/05/2026, 01/06/2026
[2026-05-13 16:09]   4 available target slot(s) (before detail checks)
[2026-05-13 16:09]   Skip (excluded instructor): Private Class — Thursday 16:00
[2026-05-13 16:09]   Skip (excluded instructor): Private Class — Thursday 17:00
[2026-05-13 16:09]   Skip (wrong level): Train and Play Blue — Tuesday 11:00
[2026-05-13 16:09]   Done — notified for 0 new slot(s).
[2026-05-13 16:19] Checking availability...
[2026-05-13 16:19]   Weeks: 11/05/2026, 18/05/2026, 25/05/2026, 01/06/2026
[2026-05-13 16:19]   4 available target slot(s) (before detail checks)
[2026-05-13 16:19]   Skip (excluded instructor): Private Class — Thursday 16:00
[2026-05-13 16:19]   Skip (excluded instructor): Private Class — Thursday 17:00
[2026-05-13 16:19]   Skip (wrong level): Train and Play Blue — Tuesday 11:00
[2026-05-13 16:19]   Done — notified for 0 new slot(s).
[2026-05-13 16:29] Checking availability...
[2026-05-13 16:29]   Weeks: 11/05/2026, 18/05/2026, 25/05/2026, 01/06/2026
[2026-05-13 16:29]   4 available target slot(s) (before detail checks)
[2026-05-13 16:29]   Skip (excluded instructor): Private Class — Thursday 16:00
[2026-05-13 16:29]   Skip (excluded instructor): Private Class — Thursday 17:00
[2026-05-13 16:29]   Skip (wrong level): Train and Play Blue — Tuesday 11:00
[2026-05-13 16:29]   Done — notified for 0 new slot(s).
[2026-05-13 16:39] Checking availability...
[2026-05-13 16:39]   Weeks: 11/05/2026, 18/05/2026, 25/05/2026, 01/06/2026
[2026-05-13 16:39]   4 available target slot(s) (before detail checks)
[2026-05-13 16:39]   Skip (excluded instructor): Private Class — Thursday 16:00
[2026-05-13 16:39]   Skip (excluded instructor): Private Class — Thursday 17:00
[2026-05-13 16:39]   Skip (wrong level): Train and Play Blue — Tuesday 11:00
[2026-05-13 16:39]   Done — notified for 0 new slot(s).
[2026-05-13 17:51] Checking availability...
[2026-05-13 17:51]   Weeks: 11/05/2026, 18/05/2026, 25/05/2026, 01/06/2026
[2026-05-13 17:51]   3 available target slot(s) (before detail checks)
[2026-05-13 17:51]   Skip (excluded instructor): Private Class — Thursday 16:00
[2026-05-13 17:51]   Skip (excluded instructor): Private Class — Thursday 17:00
[2026-05-13 17:51]   Skip (wrong level): Train and Play Blue — Tuesday 11:00
[2026-05-13 17:51]   Done — notified for 0 new slot(s).
[2026-05-13 19:42] Checking availability...
[2026-05-13 19:42]   Weeks: 11/05/2026, 18/05/2026, 25/05/2026, 01/06/2026
[2026-05-13 19:42]   2 available target slot(s) (before detail checks)
[2026-05-13 19:42]   Skip (excluded instructor): Private Class — Thursday 16:00
[2026-05-13 19:42]   Skip (wrong level): Train and Play Blue — Tuesday 11:00
[2026-05-13 19:42]   Done — notified for 0 new slot(s).
[2026-05-13 21:48] Checking availability...
[2026-05-13 21:48]   Weeks: 11/05/2026, 18/05/2026, 25/05/2026, 01/06/2026
[2026-05-13 21:48]   2 available target slot(s) (before detail checks)
[2026-05-13 21:48]   Skip (excluded instructor): Private Class — Thursday 16:00
[2026-05-13 21:48]   Skip (wrong level): Train and Play Blue — Tuesday 11:00
[2026-05-13 21:48]   Done — notified for 0 new slot(s).
[2026-05-13 22:48] Checking availability...
[2026-05-13 22:48]   Weeks: 11/05/2026, 18/05/2026, 25/05/2026, 01/06/2026
[2026-05-13 22:48]   2 available target slot(s) (before detail checks)
[2026-05-13 22:48]   Skip (excluded instructor): Private Class — Thursday 16:00
[2026-05-13 22:48]   Skip (wrong level): Train and Play Blue — Tuesday 11:00
[2026-05-13 22:48]   Done — notified for 0 new slot(s).
[2026-05-13 23:16] Checking availability...
[2026-05-13 23:16]   Weeks: 11/05/2026, 18/05/2026, 25/05/2026, 01/06/2026
[2026-05-13 23:16]   2 available target slot(s) (before detail checks)
[2026-05-13 23:16]   Skip (excluded instructor): Private Class — Thursday 16:00
[2026-05-13 23:16]   Skip (wrong level): Train and Play Blue — Tuesday 11:00
[2026-05-13 23:16]   Done — notified for 0 new slot(s).
[2026-05-13 23:26] Checking availability...
[2026-05-13 23:26]   Weeks: 11/05/2026, 18/05/2026, 25/05/2026, 01/06/2026
[2026-05-13 23:26]   2 available target slot(s) (before detail checks)
[2026-05-13 23:26]   Skip (excluded instructor): Private Class — Thursday 16:00
[2026-05-13 23:26]   Skip (wrong level): Train and Play Blue — Tuesday 11:00
[2026-05-13 23:26]   Done — notified for 0 new slot(s).
[2026-05-13 23:36] Checking availability...
[2026-05-13 23:36]   Weeks: 11/05/2026, 18/05/2026, 25/05/2026, 01/06/2026
[2026-05-13 23:36]   2 available target slot(s) (before detail checks)
[2026-05-13 23:36]   Skip (excluded instructor): Private Class — Thursday 16:00
[2026-05-13 23:36]   Skip (wrong level): Train and Play Blue — Tuesday 11:00
[2026-05-13 23:36]   Done — notified for 0 new slot(s).
[2026-05-13 23:46] Checking availability...
[2026-05-13 23:46]   Weeks: 11/05/2026, 18/05/2026, 25/05/2026, 01/06/2026
[2026-05-13 23:46]   2 available target slot(s) (before detail checks)
[2026-05-13 23:46]   Skip (excluded instructor): Private Class — Thursday 16:00
[2026-05-13 23:46]   Skip (wrong level): Train and Play Blue — Tuesday 11:00
[2026-05-13 23:46]   Done — notified for 0 new slot(s).
[2026-05-13 23:56] Checking availability...
[2026-05-13 23:56]   Weeks: 11/05/2026, 18/05/2026, 25/05/2026, 01/06/2026
[2026-05-13 23:56]   2 available target slot(s) (before detail checks)
[2026-05-13 23:56]   Skip (excluded instructor): Private Class — Thursday 16:00
[2026-05-13 23:56]   Skip (wrong level): Train and Play Blue — Tuesday 11:00
[2026-05-13 23:56]   Done — notified for 0 new slot(s).
[2026-05-14 00:06] Checking availability...
[2026-05-14 00:06]   Weeks: 11/05/2026, 18/05/2026, 25/05/2026, 01/06/2026
[2026-05-14 00:06]   2 available target slot(s) (before detail checks)
[2026-05-14 00:06]   Skip (excluded instructor): Private Class — Thursday 16:00
[2026-05-14 00:06]   Skip (wrong level): Train and Play Blue — Tuesday 11:00
[2026-05-14 00:06]   Done — notified for 0 new slot(s).
[2026-05-14 00:16] Checking availability...
[2026-05-14 00:16]   Weeks: 11/05/2026, 18/05/2026, 25/05/2026, 01/06/2026
[2026-05-14 00:16]   2 available target slot(s) (before detail checks)
[2026-05-14 00:16]   Skip (excluded instructor): Private Class — Thursday 16:00
[2026-05-14 00:16]   Skip (wrong level): Train and Play Blue — Tuesday 11:00
[2026-05-14 00:16]   Done — notified for 0 new slot(s).
[2026-05-14 00:26] Checking availability...
[2026-05-14 00:26]   Weeks: 11/05/2026, 18/05/2026, 25/05/2026, 01/06/2026
[2026-05-14 00:26]   2 available target slot(s) (before detail checks)
[2026-05-14 00:26]   Skip (excluded instructor): Private Class — Thursday 16:00
[2026-05-14 00:26]   Skip (wrong level): Train and Play Blue — Tuesday 11:00
[2026-05-14 00:26]   Done — notified for 0 new slot(s).
[2026-05-14 01:52] Checking availability...
[2026-05-14 01:52]   Weeks: 11/05/2026, 18/05/2026, 25/05/2026, 01/06/2026
[2026-05-14 01:52]   1 available target slot(s) (before detail checks)
[2026-05-14 01:52]   Skip (wrong level): Train and Play Blue — Tuesday 11:00
[2026-05-14 01:52]   Done — notified for 0 new slot(s).
[2026-05-14 09:31] Checking availability...
[2026-05-14 09:31]   Weeks: 11/05/2026, 18/05/2026, 25/05/2026, 01/06/2026
[2026-05-14 09:31]   1 available target slot(s) (before detail checks)
[2026-05-14 09:31]   Skip (wrong level): Train and Play Blue — Tuesday 11:00
[2026-05-14 09:31]   Done — notified for 0 new slot(s).
[2026-05-14 09:41] Checking availability...
[2026-05-14 09:41]   Weeks: 11/05/2026, 18/05/2026, 25/05/2026, 01/06/2026
[2026-05-14 09:41]   1 available target slot(s) (before detail checks)
[2026-05-14 09:41]   Skip (wrong level): Train and Play Blue — Tuesday 11:00
[2026-05-14 09:41]   Done — notified for 0 new slot(s).
[2026-05-14 09:51] Checking availability...
[2026-05-14 09:51]   Weeks: 11/05/2026, 18/05/2026, 25/05/2026, 01/06/2026
[2026-05-14 09:51]   1 available target slot(s) (before detail checks)
[2026-05-14 09:51]   Skip (wrong level): Train and Play Blue — Tuesday 11:00
[2026-05-14 09:51]   Done — notified for 0 new slot(s).
[2026-05-14 11:27] Checking availability...
[2026-05-14 11:27]   Weeks: 11/05/2026, 18/05/2026, 25/05/2026, 01/06/2026
[2026-05-14 11:27]   1 available target slot(s) (before detail checks)
[2026-05-14 11:27]   Skip (wrong level): Train and Play Blue — Tuesday 11:00
[2026-05-14 11:27]   Done — notified for 0 new slot(s).
[2026-05-14 13:47] Checking availability...
[2026-05-14 13:47]   Weeks: 11/05/2026, 18/05/2026, 25/05/2026, 01/06/2026
[2026-05-14 13:47]   5 available target slot(s) (before detail checks)
[2026-05-14 13:47]   Skip (wrong level): Train and Play Blue — Tuesday 11:00
[2026-05-14 13:47]   NOTIFY: Private Class — Thu 28 May, 09:00–10:00 (1 free)
[2026-05-14 13:47]   NOTIFY: Private Class — Thu 28 May, 10:00–11:00 (1 free)
[2026-05-14 13:47]   NOTIFY: Private Class — Thu 28 May, 13:00–14:00 (1 free)
[2026-05-14 13:47]   NOTIFY: Private Class — Thu 28 May, 14:00–15:00 (1 free)
[2026-05-14 13:47]   Done — notified for 4 new slot(s).
[2026-05-14 13:57] Checking availability...
[2026-05-14 13:57]   Weeks: 11/05/2026, 18/05/2026, 25/05/2026, 01/06/2026
[2026-05-14 13:57]   5 available target slot(s) (before detail checks)
[2026-05-14 13:57]   Skip (wrong level): Train and Play Blue — Tuesday 11:00
[2026-05-14 13:57]   Done — notified for 0 new slot(s).
[2026-05-14 14:07] Checking availability...
[2026-05-14 14:07]   Weeks: 11/05/2026, 18/05/2026, 25/05/2026, 01/06/2026
[2026-05-14 14:07]   5 available target slot(s) (before detail checks)
[2026-05-14 14:07]   Skip (wrong level): Train and Play Blue — Tuesday 11:00
[2026-05-14 14:07]   Done — notified for 0 new slot(s).
[2026-05-14 14:17] Checking availability...
[2026-05-14 14:17]   Weeks: 11/05/2026, 18/05/2026, 25/05/2026, 01/06/2026
[2026-05-14 14:17]   5 available target slot(s) (before detail checks)
[2026-05-14 14:17]   Skip (wrong level): Train and Play Blue — Tuesday 11:00
[2026-05-14 14:17]   Done — notified for 0 new slot(s).
[2026-05-14 14:27] Checking availability...
[2026-05-14 14:27]   Weeks: 11/05/2026, 18/05/2026, 25/05/2026, 01/06/2026
[2026-05-14 14:27]   5 available target slot(s) (before detail checks)
[2026-05-14 14:27]   Skip (wrong level): Train and Play Blue — Tuesday 11:00
[2026-05-14 14:27]   Done — notified for 0 new slot(s).
[2026-05-14 14:37] Checking availability...
[2026-05-14 14:37]   Weeks: 11/05/2026, 18/05/2026, 25/05/2026, 01/06/2026
[2026-05-14 14:37]   5 available target slot(s) (before detail checks)
[2026-05-14 14:37]   Skip (wrong level): Train and Play Blue — Tuesday 11:00
[2026-05-14 14:37]   Done — notified for 0 new slot(s).
[2026-05-14 14:47] Checking availability...
[2026-05-14 14:47]   Weeks: 11/05/2026, 18/05/2026, 25/05/2026, 01/06/2026
[2026-05-14 14:47]   5 available target slot(s) (before detail checks)
[2026-05-14 14:47]   Skip (wrong level): Train and Play Blue — Tuesday 11:00
[2026-05-14 14:47]   Done — notified for 0 new slot(s).
[2026-05-14 14:57] Checking availability...
[2026-05-14 14:57]   Weeks: 11/05/2026, 18/05/2026, 25/05/2026, 01/06/2026
[2026-05-14 14:58]   6 available target slot(s) (before detail checks)
[2026-05-14 14:58]   Skip (wrong level): Train and Play Blue — Tuesday 11:00
[2026-05-14 14:58]   NOTIFY: Private Class — Thu 28 May, 16:30–17:30 (1 free)
[2026-05-14 14:58]   Done — notified for 1 new slot(s).
[2026-05-14 15:08] Checking availability...
[2026-05-14 15:08]   Weeks: 11/05/2026, 18/05/2026, 25/05/2026, 01/06/2026
[2026-05-14 15:08]   8 available target slot(s) (before detail checks)
[2026-05-14 15:08]   Skip (wrong level): Train and Play Blue — Tuesday 11:00
[2026-05-14 15:08]   NOTIFY: Private Class — Thu 04 Jun, 10:00–11:00 (1 free)
[2026-05-14 15:08]   NOTIFY: Private Class — Fri 05 Jun, 10:00–11:00 (1 free)
[2026-05-14 15:08]   Done — notified for 2 new slot(s).
[2026-05-14 15:18] Checking availability...
[2026-05-14 15:18]   Weeks: 11/05/2026, 18/05/2026, 25/05/2026, 01/06/2026
[2026-05-14 15:18]   8 available target slot(s) (before detail checks)
[2026-05-14 15:18]   Skip (wrong level): Train and Play Blue — Tuesday 11:00
[2026-05-14 15:18]   Done — notified for 0 new slot(s).
[2026-05-14 15:28] Checking availability...
[2026-05-14 15:28]   Weeks: 11/05/2026, 18/05/2026, 25/05/2026, 01/06/2026
[2026-05-14 15:28]   8 available target slot(s) (before detail checks)
[2026-05-14 15:28]   Skip (wrong level): Train and Play Blue — Tuesday 11:00
[2026-05-14 15:28]   Done — notified for 0 new slot(s).
[2026-05-14 15:39] Checking availability...
[2026-05-14 15:39]   Weeks: 11/05/2026, 18/05/2026, 25/05/2026, 01/06/2026
[2026-05-14 15:39]   8 available target slot(s) (before detail checks)
[2026-05-14 15:39]   Detail page fetch failed for https://stratfordpadelclub.matchpoint.com.es/actbooking/info.aspx?bid=f60d47d405: <urlopen error timed out>
[2026-05-14 15:39]   Skip (wrong level): Train and Play Blue — Tuesday 11:00
[2026-05-14 15:39]   Done — notified for 0 new slot(s).
[2026-05-14 16:10] Checking availability...
[2026-05-14 16:10]   Weeks: 11/05/2026, 18/05/2026, 25/05/2026, 01/06/2026
[2026-05-14 16:10]   8 available target slot(s) (before detail checks)
[2026-05-14 16:10]   Skip (wrong level): Train and Play Blue — Tuesday 11:00
[2026-05-14 16:10]   Done — notified for 0 new slot(s).
[2026-05-14 16:20] Checking availability...
[2026-05-14 16:20]   Weeks: 11/05/2026, 18/05/2026, 25/05/2026, 01/06/2026
[2026-05-14 16:20]   8 available target slot(s) (before detail checks)
[2026-05-14 16:20]   Skip (wrong level): Train and Play Blue — Tuesday 11:00
[2026-05-14 16:20]   Done — notified for 0 new slot(s).
[2026-05-14 16:30] Checking availability...
[2026-05-14 16:30]   Weeks: 11/05/2026, 18/05/2026, 25/05/2026, 01/06/2026
[2026-05-14 16:30]   8 available target slot(s) (before detail checks)
[2026-05-14 16:30]   Skip (wrong level): Train and Play Blue — Tuesday 11:00
[2026-05-14 16:30]   Done — notified for 0 new slot(s).
[2026-05-14 16:40] Checking availability...
[2026-05-14 16:40]   Weeks: 11/05/2026, 18/05/2026, 25/05/2026, 01/06/2026
[2026-05-14 16:40]   9 available target slot(s) (before detail checks)
[2026-05-14 16:40]   Skip (wrong level): Train and Play Blue — Friday 11:30
[2026-05-14 16:40]   Skip (wrong level): Train and Play Blue — Tuesday 11:00
[2026-05-14 16:40]   Done — notified for 0 new slot(s).
[2026-05-14 16:50] Checking availability...
[2026-05-14 16:50]   Weeks: 11/05/2026, 18/05/2026, 25/05/2026, 01/06/2026
[2026-05-14 16:50]   9 available target slot(s) (before detail checks)
[2026-05-14 16:50]   Skip (wrong level): Train and Play Blue — Friday 11:30
[2026-05-14 16:50]   Skip (wrong level): Train and Play Blue — Tuesday 11:00
[2026-05-14 16:50]   Done — notified for 0 new slot(s).
[2026-05-14 17:00] Checking availability...
[2026-05-14 17:00]   Weeks: 11/05/2026, 18/05/2026, 25/05/2026, 01/06/2026
[2026-05-14 17:00]   8 available target slot(s) (before detail checks)
[2026-05-14 17:00]   Skip (wrong level): Train and Play Blue — Friday 11:30
[2026-05-14 17:00]   Skip (wrong level): Train and Play Blue — Tuesday 11:00
[2026-05-14 17:00]   Done — notified for 0 new slot(s).
[2026-05-14 17:10] Checking availability...
[2026-05-14 17:10]   Weeks: 11/05/2026, 18/05/2026, 25/05/2026, 01/06/2026
[2026-05-14 17:10]   9 available target slot(s) (before detail checks)
[2026-05-14 17:10]   Skip (wrong level): Train and Play Blue — Friday 11:30
[2026-05-14 17:10]   NOTIFY: Private Class — Mon 18 May, 11:00–12:00 (1 free)
[2026-05-14 17:10]   Skip (wrong level): Train and Play Blue — Tuesday 11:00
[2026-05-14 17:10]   Done — notified for 1 new slot(s).
[2026-05-14 17:20] Checking availability...
[2026-05-14 17:20]   Weeks: 11/05/2026, 18/05/2026, 25/05/2026, 01/06/2026
[2026-05-14 17:20]   16 available target slot(s) (before detail checks)
[2026-05-14 17:20]   Skip (wrong level): Train and Play Blue — Friday 11:30
[2026-05-14 17:20]   NOTIFY: Private Class — Tue 19 May, 09:00–10:00 (1 free)
[2026-05-14 17:20]   Skip (wrong level): Train and Play Blue — Tuesday 11:00
[2026-05-14 17:20]   NOTIFY: Private Class — Thu 04 Jun, 11:00–12:00 (1 free)
[2026-05-14 17:20]   NOTIFY: Private Class — Thu 04 Jun, 12:30–13:30 (1 free)
[2026-05-14 17:20]   NOTIFY: Private Class — Wed 03 Jun, 13:00–14:00 (1 free)
[2026-05-14 17:20]   NOTIFY: Private Class — Wed 03 Jun, 14:00–15:00 (1 free)
[2026-05-14 17:20]   NOTIFY: Private Class — Thu 04 Jun, 14:00–15:00 (1 free)
[2026-05-14 17:20]   NOTIFY: Private Class — Wed 03 Jun, 15:00–16:00 (1 free)
[2026-05-14 17:20]   Done — notified for 7 new slot(s).
[2026-05-14 17:30] Checking availability...
[2026-05-14 17:30]   Weeks: 11/05/2026, 18/05/2026, 25/05/2026, 01/06/2026
[2026-05-14 17:30]   16 available target slot(s) (before detail checks)
[2026-05-14 17:30]   Skip (wrong level): Train and Play Blue — Friday 11:30
[2026-05-14 17:30]   Skip (wrong level): Train and Play Blue — Tuesday 11:00
[2026-05-14 17:30]   Done — notified for 0 new slot(s).
[2026-05-14 17:40] Checking availability...
[2026-05-14 17:40]   Weeks: 11/05/2026, 18/05/2026, 25/05/2026, 01/06/2026
[2026-05-14 17:40]   16 available target slot(s) (before detail checks)
[2026-05-14 17:40]   Skip (wrong level): Train and Play Blue — Friday 11:30
[2026-05-14 17:40]   Skip (wrong level): Train and Play Blue — Tuesday 11:00
[2026-05-14 17:40]   Done — notified for 0 new slot(s).
[2026-05-14 17:50] Checking availability...
[2026-05-14 17:50]   Weeks: 11/05/2026, 18/05/2026, 25/05/2026, 01/06/2026
[2026-05-14 17:50]   16 available target slot(s) (before detail checks)
[2026-05-14 17:50]   Skip (wrong level): Train and Play Blue — Friday 11:30
[2026-05-14 17:50]   Skip (wrong level): Train and Play Blue — Tuesday 11:00
[2026-05-14 17:50]   Done — notified for 0 new slot(s).
[2026-05-14 18:00] Checking availability...
[2026-05-14 18:00]   Weeks: 11/05/2026, 18/05/2026, 25/05/2026, 01/06/2026
[2026-05-14 18:00]   16 available target slot(s) (before detail checks)
[2026-05-14 18:00]   Skip (wrong level): Train and Play Blue — Friday 11:30
[2026-05-14 18:00]   Skip (wrong level): Train and Play Blue — Tuesday 11:00
[2026-05-14 18:00]   Done — notified for 0 new slot(s).
[2026-05-14 18:42] Checking availability...
[2026-05-14 18:43]   Weeks: 11/05/2026, 18/05/2026, 25/05/2026, 01/06/2026
[2026-05-14 18:43]   17 available target slot(s) (before detail checks)
[2026-05-14 18:43]   Skip (wrong level): Train and Play Blue — Friday 11:30
[2026-05-14 18:43]   Skip (wrong level): Train and Play Blue — Tuesday 11:00
[2026-05-14 18:43]   NOTIFY: Private Class — Tue 19 May, 15:00–16:00 (1 free)
[2026-05-14 18:43]   NOTIFY: Private Class — Tue 26 May, 12:00–13:00 (1 free)
[2026-05-14 18:43]   Done — notified for 2 new slot(s).
[2026-05-14 18:53] Checking availability...
[2026-05-14 18:53]   Weeks: 11/05/2026, 18/05/2026, 25/05/2026, 01/06/2026
[2026-05-14 18:53]   17 available target slot(s) (before detail checks)
[2026-05-14 18:53]   Skip (wrong level): Train and Play Blue — Friday 11:30
[2026-05-14 18:53]   Skip (wrong level): Train and Play Blue — Tuesday 11:00
[2026-05-14 18:53]   Done — notified for 0 new slot(s).
[2026-05-14 19:03] Checking availability...
[2026-05-14 19:03]   Weeks: 11/05/2026, 18/05/2026, 25/05/2026, 01/06/2026
[2026-05-14 19:03]   17 available target slot(s) (before detail checks)
[2026-05-14 19:03]   Detail page fetch failed for https://stratfordpadelclub.matchpoint.com.es/actbooking/info.aspx?bid=88defae086: <urlopen error timed out>
[2026-05-14 19:03]   Skip (wrong level): Train and Play Blue — Friday 11:30
[2026-05-14 19:03]   Skip (wrong level): Train and Play Blue — Tuesday 11:00
[2026-05-14 19:03]   Done — notified for 0 new slot(s).
[2026-05-14 19:13] Checking availability...
[2026-05-14 19:13]   Weeks: 11/05/2026, 18/05/2026, 25/05/2026, 01/06/2026
[2026-05-14 19:13]   16 available target slot(s) (before detail checks)
[2026-05-14 19:13]   Skip (wrong level): Train and Play Blue — Friday 11:30
[2026-05-14 19:13]   Skip (wrong level): Train and Play Blue — Tuesday 11:00
[2026-05-14 19:13]   Done — notified for 0 new slot(s).
[2026-05-14 19:23] Checking availability...
[2026-05-14 19:23]   Weeks: 11/05/2026, 18/05/2026, 25/05/2026, 01/06/2026
[2026-05-14 19:23]   15 available target slot(s) (before detail checks)
[2026-05-14 19:23]   Skip (wrong level): Train and Play Blue — Friday 11:30
[2026-05-14 19:23]   Skip (wrong level): Train and Play Blue — Tuesday 11:00
[2026-05-14 19:23]   Done — notified for 0 new slot(s).
[2026-05-14 19:33] Checking availability...
[2026-05-14 19:33]   Weeks: 11/05/2026, 18/05/2026, 25/05/2026, 01/06/2026
[2026-05-14 19:33]   15 available target slot(s) (before detail checks)
[2026-05-14 19:33]   Skip (wrong level): Train and Play Blue — Friday 11:30
[2026-05-14 19:33]   Skip (wrong level): Train and Play Blue — Tuesday 11:00
[2026-05-14 19:33]   Done — notified for 0 new slot(s).
[2026-05-14 21:08] Checking availability...
[2026-05-14 21:08]   Weeks: 11/05/2026, 18/05/2026, 25/05/2026, 01/06/2026
[2026-05-14 21:08]   11 available target slot(s) (before detail checks)
[2026-05-14 21:08]   Skip (wrong level): Train and Play Blue — Tuesday 11:00
[2026-05-14 21:08]   Done — notified for 0 new slot(s).
[2026-05-14 22:48] Checking availability...
[2026-05-14 22:48]   Weeks: 11/05/2026, 18/05/2026, 25/05/2026, 01/06/2026
[2026-05-14 22:48]   11 available target slot(s) (before detail checks)
[2026-05-14 22:48]   Skip (wrong level): Train and Play Blue — Tuesday 11:00
[2026-05-14 22:48]   Done — notified for 0 new slot(s).
[2026-05-14 22:58] Checking availability...
[2026-05-14 22:58]   Weeks: 11/05/2026, 18/05/2026, 25/05/2026, 01/06/2026
[2026-05-14 22:58]   11 available target slot(s) (before detail checks)
[2026-05-14 22:58]   Skip (wrong level): Train and Play Blue — Tuesday 11:00
[2026-05-14 22:58]   Done — notified for 0 new slot(s).
[2026-05-14 23:08] Checking availability...
[2026-05-14 23:08]   Weeks: 11/05/2026, 18/05/2026, 25/05/2026, 01/06/2026
[2026-05-14 23:08]   11 available target slot(s) (before detail checks)
[2026-05-14 23:08]   Skip (wrong level): Train and Play Blue — Tuesday 11:00
[2026-05-14 23:08]   Done — notified for 0 new slot(s).
[2026-05-14 23:18] Checking availability...
[2026-05-14 23:18]   Weeks: 11/05/2026, 18/05/2026, 25/05/2026, 01/06/2026
[2026-05-14 23:18]   11 available target slot(s) (before detail checks)
[2026-05-14 23:18]   Skip (wrong level): Train and Play Blue — Tuesday 11:00
[2026-05-14 23:18]   Done — notified for 0 new slot(s).
[2026-05-15 00:13] Checking availability...
[2026-05-15 00:13]   Weeks: 11/05/2026, 18/05/2026, 25/05/2026, 01/06/2026
[2026-05-15 00:13]   11 available target slot(s) (before detail checks)
[2026-05-15 00:13]   Skip (wrong level): Train and Play Blue — Tuesday 11:00
[2026-05-15 00:13]   Done — notified for 0 new slot(s).
[2026-05-15 00:48] Checking availability...
[2026-05-15 00:48]   Weeks: 11/05/2026, 18/05/2026, 25/05/2026, 01/06/2026
[2026-05-15 00:48]   11 available target slot(s) (before detail checks)
[2026-05-15 00:48]   Skip (wrong level): Train and Play Blue — Tuesday 11:00
[2026-05-15 00:48]   Done — notified for 0 new slot(s).
[2026-05-15 02:36] Checking availability...
[2026-05-15 02:36]   Weeks: 11/05/2026, 18/05/2026, 25/05/2026, 01/06/2026
[2026-05-15 02:36]   11 available target slot(s) (before detail checks)
[2026-05-15 02:36]   Skip (wrong level): Train and Play Blue — Tuesday 11:00
[2026-05-15 02:36]   Done — notified for 0 new slot(s).
[2026-05-15 05:02] Checking availability...
[2026-05-15 05:02]   Weeks: 11/05/2026, 18/05/2026, 25/05/2026, 01/06/2026
[2026-05-15 05:02]   11 available target slot(s) (before detail checks)
[2026-05-15 05:02]   Skip (wrong level): Train and Play Blue — Tuesday 11:00
[2026-05-15 05:02]   Done — notified for 0 new slot(s).
[2026-05-15 07:12] Checking availability...
[2026-05-15 07:12]   Weeks: 11/05/2026, 18/05/2026, 25/05/2026, 01/06/2026
[2026-05-15 07:12]   11 available target slot(s) (before detail checks)
[2026-05-15 07:12]   Skip (wrong level): Train and Play Blue — Tuesday 11:00
[2026-05-15 07:12]   Done — notified for 0 new slot(s).
[2026-05-15 09:06] Checking availability...
[2026-05-15 09:06]   Weeks: 11/05/2026, 18/05/2026, 25/05/2026, 01/06/2026
[2026-05-15 09:06]   8 available target slot(s) (before detail checks)
[2026-05-15 09:06]   Skip (wrong level): Train and Play Blue — Tuesday 11:00
[2026-05-15 09:06]   Done — notified for 0 new slot(s).
[2026-05-15 09:37] Checking availability...
[2026-05-15 09:37]   Weeks: 11/05/2026, 18/05/2026, 25/05/2026, 01/06/2026
[2026-05-15 09:37]   8 available target slot(s) (before detail checks)
[2026-05-15 09:37]   Skip (wrong level): Train and Play Blue — Tuesday 11:00
[2026-05-15 09:37]   Done — notified for 0 new slot(s).
[2026-05-15 09:47] Checking availability...
[2026-05-15 09:47]   Weeks: 11/05/2026, 18/05/2026, 25/05/2026, 01/06/2026
[2026-05-15 09:47]   8 available target slot(s) (before detail checks)
[2026-05-15 09:47]   Skip (wrong level): Train and Play Blue — Tuesday 11:00
[2026-05-15 09:47]   Done — notified for 0 new slot(s).
[2026-05-15 09:57] Checking availability...
[2026-05-15 09:57]   Weeks: 11/05/2026, 18/05/2026, 25/05/2026, 01/06/2026
[2026-05-15 09:57]   8 available target slot(s) (before detail checks)
[2026-05-15 09:57]   Skip (wrong level): Train and Play Blue — Tuesday 11:00
[2026-05-15 09:57]   Done — notified for 0 new slot(s).
[2026-05-15 10:13] Checking availability...
[2026-05-15 10:13]   Weeks: 11/05/2026, 18/05/2026, 25/05/2026, 01/06/2026
[2026-05-15 10:13]   8 available target slot(s) (before detail checks)
[2026-05-15 10:13]   Skip (wrong level): Train and Play Blue — Tuesday 11:00
[2026-05-15 10:13]   Done — notified for 0 new slot(s).
[2026-05-15 10:23] Checking availability...
[2026-05-15 10:23]   Weeks: 11/05/2026, 18/05/2026, 25/05/2026, 01/06/2026
[2026-05-15 10:23]   8 available target slot(s) (before detail checks)
[2026-05-15 10:23]   Skip (wrong level): Train and Play Blue — Tuesday 11:00
[2026-05-15 10:23]   Done — notified for 0 new slot(s).
[2026-05-15 10:33] Checking availability...
[2026-05-15 10:33]   Weeks: 11/05/2026, 18/05/2026, 25/05/2026, 01/06/2026
[2026-05-15 10:33]   8 available target slot(s) (before detail checks)
[2026-05-15 10:33]   Skip (wrong level): Train and Play Blue — Tuesday 11:00
[2026-05-15 10:33]   Done — notified for 0 new slot(s).
[2026-05-15 10:43] Checking availability...
[2026-05-15 10:43]   Weeks: 11/05/2026, 18/05/2026, 25/05/2026, 01/06/2026
[2026-05-15 10:43]   8 available target slot(s) (before detail checks)
[2026-05-15 10:43]   Skip (wrong level): Train and Play Blue — Tuesday 11:00
[2026-05-15 10:43]   Done — notified for 0 new slot(s).
[2026-05-15 10:53] Checking availability...
[2026-05-15 10:53]   Weeks: 11/05/2026, 18/05/2026, 25/05/2026, 01/06/2026
[2026-05-15 10:53]   8 available target slot(s) (before detail checks)
[2026-05-15 10:53]   Detail page fetch failed for https://stratfordpadelclub.matchpoint.com.es/actbooking/info.aspx?bid=f60d47d405: <urlopen error timed out>
[2026-05-15 10:53]   Skip (wrong level): Train and Play Blue — Tuesday 11:00
[2026-05-15 10:53]   Done — notified for 0 new slot(s).
[2026-05-15 11:03] Checking availability...
[2026-05-15 11:03]   Weeks: 11/05/2026, 18/05/2026, 25/05/2026, 01/06/2026
[2026-05-15 11:03]   8 available target slot(s) (before detail checks)
[2026-05-15 11:03]   Skip (wrong level): Train and Play Blue — Tuesday 11:00
[2026-05-15 11:03]   Done — notified for 0 new slot(s).
[2026-05-15 12:09] Checking availability...
[2026-05-15 12:09]   Weeks: 11/05/2026, 18/05/2026, 25/05/2026, 01/06/2026
[2026-05-15 12:09]   9 available target slot(s) (before detail checks)
[2026-05-15 12:09]   NOTIFY: Private Class — Mon 18 May, 09:30–10:30 (1 free)
[2026-05-15 12:09]   Skip (wrong level): Train and Play Blue — Tuesday 11:00
[2026-05-15 12:09]   Done — notified for 1 new slot(s).
[2026-05-15 12:19] Checking availability...
[2026-05-15 12:19]   Weeks: 11/05/2026, 18/05/2026, 25/05/2026, 01/06/2026
[2026-05-15 12:19]   9 available target slot(s) (before detail checks)
[2026-05-15 12:19]   Skip (wrong level): Train and Play Blue — Tuesday 11:00
[2026-05-15 12:19]   Done — notified for 0 new slot(s).
[2026-05-15 12:29] Checking availability...
[2026-05-15 12:29]   Weeks: 11/05/2026, 18/05/2026, 25/05/2026, 01/06/2026
[2026-05-15 12:29]   9 available target slot(s) (before detail checks)
[2026-05-15 12:29]   Skip (wrong level): Train and Play Blue — Tuesday 11:00
[2026-05-15 12:29]   Done — notified for 0 new slot(s).
[2026-05-15 12:39] Checking availability...
[2026-05-15 12:39]   Weeks: 11/05/2026, 18/05/2026, 25/05/2026, 01/06/2026
[2026-05-15 12:39]   9 available target slot(s) (before detail checks)
[2026-05-15 12:39]   Skip (wrong level): Train and Play Blue — Tuesday 11:00
[2026-05-15 12:39]   Done — notified for 0 new slot(s).
[2026-05-15 12:49] Checking availability...
[2026-05-15 12:49]   Weeks: 11/05/2026, 18/05/2026, 25/05/2026, 01/06/2026
[2026-05-15 12:49]   9 available target slot(s) (before detail checks)
[2026-05-15 12:49]   Skip (wrong level): Train and Play Blue — Tuesday 11:00
[2026-05-15 12:49]   Done — notified for 0 new slot(s).
[2026-05-15 12:59] Checking availability...
[2026-05-15 12:59]   Weeks: 11/05/2026, 18/05/2026, 25/05/2026, 01/06/2026
[2026-05-15 12:59]   9 available target slot(s) (before detail checks)
[2026-05-15 12:59]   Skip (wrong level): Train and Play Blue — Tuesday 11:00
[2026-05-15 12:59]   Done — notified for 0 new slot(s).
[2026-05-15 15:20] Checking availability...
[2026-05-15 15:20]   Weeks: 11/05/2026, 18/05/2026, 25/05/2026, 01/06/2026
[2026-05-15 15:20]   17 available target slot(s) (before detail checks)
[2026-05-15 15:20]   NOTIFY: Private Class — Wed 20 May, 09:00–10:00 (1 free)
[2026-05-15 15:20]   NOTIFY: Private Class — Tue 19 May, 10:00–11:00 (1 free)
[2026-05-15 15:20]   Skip (wrong level): Train and Play Blue — Tuesday 11:00
[2026-05-15 15:20]   NOTIFY: Private Class — Fri 05 Jun, 09:00–10:00 (1 free)
[2026-05-15 15:20]   NOTIFY: Private Class — Fri 05 Jun, 12:00–13:00 (1 free)
[2026-05-15 15:20]   NOTIFY: Private Class — Fri 05 Jun, 14:00–15:00 (1 free)
[2026-05-15 15:20]   Detail page fetch failed for https://stratfordpadelclub.matchpoint.com.es/actbooking/info.aspx?bid=9d27bf5039: <urlopen error timed out>
[2026-05-15 15:20]   NOTIFY: Private Class — Fri 05 Jun, 15:00–16:00 (1 free)
[2026-05-15 15:20]   NOTIFY: Private Class — Thu 04 Jun, 16:00–17:00 (1 free)
[2026-05-15 15:20]   NOTIFY: Private Class — Thu 04 Jun, 17:00–18:00 (1 free)
[2026-05-15 15:20]   Done — notified for 8 new slot(s).
[2026-05-15 15:30] Checking availability...
[2026-05-15 15:30]   Weeks: 11/05/2026, 18/05/2026, 25/05/2026, 01/06/2026
[2026-05-15 15:30]   16 available target slot(s) (before detail checks)
[2026-05-15 15:30]   Skip (wrong level): Train and Play Blue — Tuesday 11:00
[2026-05-15 15:30]   Done — notified for 0 new slot(s).
[2026-05-15 16:01] Checking availability...
[2026-05-15 16:01]   Weeks: 11/05/2026, 18/05/2026, 25/05/2026, 01/06/2026
[2026-05-15 16:01]   15 available target slot(s) (before detail checks)
[2026-05-15 16:01]   Skip (wrong level): Train and Play Blue — Tuesday 11:00
[2026-05-15 16:01]   Done — notified for 0 new slot(s).
[2026-05-15 16:11] Checking availability...
[2026-05-15 16:11]   Weeks: 11/05/2026, 18/05/2026, 25/05/2026, 01/06/2026
[2026-05-15 16:12]   15 available target slot(s) (before detail checks)
[2026-05-15 16:12]   Skip (wrong level): Train and Play Blue — Tuesday 11:00
[2026-05-15 16:12]   Done — notified for 0 new slot(s).
[2026-05-15 16:22] Checking availability...
[2026-05-15 16:22]   Weeks: 11/05/2026, 18/05/2026, 25/05/2026, 01/06/2026
[2026-05-15 16:22]   15 available target slot(s) (before detail checks)
[2026-05-15 16:22]   Skip (wrong level): Train and Play Blue — Tuesday 11:00
[2026-05-15 16:22]   Done — notified for 0 new slot(s).
[2026-05-15 16:32] Checking availability...
[2026-05-15 16:32]   Weeks: 11/05/2026, 18/05/2026, 25/05/2026, 01/06/2026
[2026-05-15 16:32]   16 available target slot(s) (before detail checks)
[2026-05-15 16:32]   Skip (wrong level): Train and Play Blue — Tuesday 11:00
[2026-05-15 16:32]   NOTIFY: Private Class — Tue 19 May, 14:00–15:00 (1 free)
[2026-05-15 16:32]   Done — notified for 1 new slot(s).
[2026-05-15 16:42] Checking availability...
[2026-05-15 16:42]   Weeks: 11/05/2026, 18/05/2026, 25/05/2026, 01/06/2026
[2026-05-15 16:42]   16 available target slot(s) (before detail checks)
[2026-05-15 16:42]   Skip (wrong level): Train and Play Blue — Tuesday 11:00
[2026-05-15 16:42]   Done — notified for 0 new slot(s).
[2026-05-15 16:52] Checking availability...
[2026-05-15 16:52]   Weeks: 11/05/2026, 18/05/2026, 25/05/2026, 01/06/2026
[2026-05-15 16:52]   16 available target slot(s) (before detail checks)
[2026-05-15 16:52]   Skip (wrong level): Train and Play Blue — Tuesday 11:00
[2026-05-15 16:52]   Done — notified for 0 new slot(s).
[2026-05-15 17:02] Checking availability...
[2026-05-15 17:02]   Weeks: 11/05/2026, 18/05/2026, 25/05/2026, 01/06/2026
[2026-05-15 17:02]   16 available target slot(s) (before detail checks)
[2026-05-15 17:02]   Skip (wrong level): Train and Play Blue — Tuesday 11:00
[2026-05-15 17:02]   Done — notified for 0 new slot(s).
[2026-05-15 17:13] Checking availability...
[2026-05-15 17:13]   Weeks: 11/05/2026, 18/05/2026, 25/05/2026, 01/06/2026
[2026-05-15 17:13]   16 available target slot(s) (before detail checks)
[2026-05-15 17:13]   Skip (wrong level): Train and Play Blue — Tuesday 11:00
[2026-05-15 17:13]   Done — notified for 0 new slot(s).
[2026-05-15 17:23] Checking availability...
[2026-05-15 17:23]   Weeks: 11/05/2026, 18/05/2026, 25/05/2026, 01/06/2026
[2026-05-15 17:23]   16 available target slot(s) (before detail checks)
[2026-05-15 17:23]   Skip (wrong level): Train and Play Blue — Tuesday 11:00
[2026-05-15 17:23]   Done — notified for 0 new slot(s).
[2026-05-15 17:33] Checking availability...
[2026-05-15 17:33]   Weeks: 11/05/2026, 18/05/2026, 25/05/2026, 01/06/2026
[2026-05-15 17:33]   16 available target slot(s) (before detail checks)
[2026-05-15 17:33]   Skip (wrong level): Train and Play Blue — Tuesday 11:00
[2026-05-15 17:33]   Done — notified for 0 new slot(s).
[2026-05-15 17:43] Checking availability...
[2026-05-15 17:43]   Weeks: 11/05/2026, 18/05/2026, 25/05/2026, 01/06/2026
[2026-05-15 17:43]   17 available target slot(s) (before detail checks)
[2026-05-15 17:43]   Skip (wrong level): Train and Play Blue — Tuesday 11:00
[2026-05-15 17:43]   NOTIFY: Private Class — Mon 25 May, 08:00–09:00 (1 free)
[2026-05-15 17:43]   Done — notified for 1 new slot(s).
[2026-05-15 17:53] Checking availability...
[2026-05-15 17:53]   Weeks: 11/05/2026, 18/05/2026, 25/05/2026, 01/06/2026
[2026-05-15 17:53]   17 available target slot(s) (before detail checks)
[2026-05-15 17:53]   Skip (wrong level): Train and Play Blue — Tuesday 11:00
[2026-05-15 17:53]   Done — notified for 0 new slot(s).
[2026-05-15 18:44] Checking availability...
[2026-05-15 18:44]   Weeks: 11/05/2026, 18/05/2026, 25/05/2026, 01/06/2026
[2026-05-15 18:44]   17 available target slot(s) (before detail checks)
[2026-05-15 18:44]   Skip (wrong level): Train and Play Blue — Tuesday 11:00
[2026-05-15 18:44]   Done — notified for 0 new slot(s).
[2026-05-15 18:54] Checking availability...
[2026-05-15 18:54]   Weeks: 11/05/2026, 18/05/2026, 25/05/2026, 01/06/2026
[2026-05-15 18:54]   17 available target slot(s) (before detail checks)
[2026-05-15 18:54]   Skip (wrong level): Train and Play Blue — Tuesday 11:00
[2026-05-15 18:54]   Done — notified for 0 new slot(s).
[2026-05-15 19:04] Checking availability...
[2026-05-15 19:04]   Weeks: 11/05/2026, 18/05/2026, 25/05/2026, 01/06/2026
[2026-05-15 19:04]   17 available target slot(s) (before detail checks)
[2026-05-15 19:04]   Skip (wrong level): Train and Play Blue — Tuesday 11:00
[2026-05-15 19:04]   Done — notified for 0 new slot(s).
[2026-05-15 19:14] Checking availability...
[2026-05-15 19:14]   Weeks: 11/05/2026, 18/05/2026, 25/05/2026, 01/06/2026
[2026-05-15 19:14]   17 available target slot(s) (before detail checks)
[2026-05-15 19:14]   Skip (wrong level): Train and Play Blue — Tuesday 11:00
[2026-05-15 19:14]   Done — notified for 0 new slot(s).
[2026-05-15 20:00] Checking availability...
[2026-05-15 20:00]   Weeks: 11/05/2026, 18/05/2026, 25/05/2026, 01/06/2026
[2026-05-15 20:00]   17 available target slot(s) (before detail checks)
[2026-05-15 20:00]   Skip (wrong level): Train and Play Blue — Tuesday 11:00
[2026-05-15 20:00]   Done — notified for 0 new slot(s).
[2026-05-15 21:19] Checking availability...
[2026-05-15 21:19]   Weeks: 11/05/2026, 18/05/2026, 25/05/2026, 01/06/2026
[2026-05-15 21:19]   16 available target slot(s) (before detail checks)
[2026-05-15 21:19]   Skip (wrong level): Train and Play Blue — Tuesday 11:00
[2026-05-15 21:19]   Done — notified for 0 new slot(s).
[2026-05-15 22:49] Checking availability...
[2026-05-15 22:49]   Weeks: 11/05/2026, 18/05/2026, 25/05/2026, 01/06/2026
[2026-05-15 22:49]   16 available target slot(s) (before detail checks)
[2026-05-15 22:49]   Skip (wrong level): Train and Play Blue — Tuesday 11:00
[2026-05-15 22:49]   Done — notified for 0 new slot(s).
[2026-05-16 00:22] Checking availability...
[2026-05-16 00:22]   Weeks: 11/05/2026, 18/05/2026, 25/05/2026, 01/06/2026
[2026-05-16 00:22]   16 available target slot(s) (before detail checks)
[2026-05-16 00:23]   Detail page fetch failed for https://stratfordpadelclub.matchpoint.com.es/actbooking/info.aspx?bid=f60d47d405: <urlopen error timed out>
[2026-05-16 00:23]   Skip (wrong level): Train and Play Blue — Tuesday 11:00
[2026-05-16 00:23]   Done — notified for 0 new slot(s).
[2026-05-16 00:33] Checking availability...
[2026-05-16 00:33]   Weeks: 11/05/2026, 18/05/2026, 25/05/2026, 01/06/2026
[2026-05-16 00:33]   16 available target slot(s) (before detail checks)
[2026-05-16 00:33]   Skip (wrong level): Train and Play Blue — Tuesday 11:00
[2026-05-16 00:33]   Done — notified for 0 new slot(s).
[2026-05-16 02:04] Checking availability...
[2026-05-16 02:04]   Weeks: 11/05/2026, 18/05/2026, 25/05/2026, 01/06/2026
[2026-05-16 02:04]   16 available target slot(s) (before detail checks)
[2026-05-16 02:04]   Skip (wrong level): Train and Play Blue — Tuesday 11:00
[2026-05-16 02:04]   Done — notified for 0 new slot(s).
[2026-05-16 04:18] Checking availability...
[2026-05-16 04:18]   Weeks: 11/05/2026, 18/05/2026, 25/05/2026, 01/06/2026
[2026-05-16 04:18]   15 available target slot(s) (before detail checks)
[2026-05-16 04:18]   Skip (wrong level): Train and Play Blue — Tuesday 11:00
[2026-05-16 04:18]   Done — notified for 0 new slot(s).
[2026-05-16 06:43] Checking availability...
[2026-05-16 06:43]   Weeks: 11/05/2026, 18/05/2026, 25/05/2026, 01/06/2026
[2026-05-16 06:43]   15 available target slot(s) (before detail checks)
[2026-05-16 06:43]   Skip (wrong level): Train and Play Blue — Tuesday 11:00
[2026-05-16 06:43]   Done — notified for 0 new slot(s).
[2026-05-16 08:15] Checking availability...
[2026-05-16 08:15]   Weeks: 11/05/2026, 18/05/2026, 25/05/2026, 01/06/2026
[2026-05-16 08:15]   14 available target slot(s) (before detail checks)
[2026-05-16 08:15]   Skip (wrong level): Train and Play Blue — Tuesday 11:00
[2026-05-16 08:15]   Skip (excluded instructor): Private Class — Thursday 19:30
[2026-05-16 08:15]   Done — notified for 0 new slot(s).
[2026-05-16 09:35] Checking availability...
[2026-05-16 09:35]   Weeks: 11/05/2026, 18/05/2026, 25/05/2026, 01/06/2026
[2026-05-16 09:35]   14 available target slot(s) (before detail checks)
[2026-05-16 09:35]   Skip (wrong level): Train and Play Blue — Tuesday 11:00
[2026-05-16 09:35]   Skip (excluded instructor): Private Class — Wednesday 16:00
[2026-05-16 09:35]   Done — notified for 0 new slot(s).
[2026-05-16 11:11] Checking availability...
[2026-05-16 11:11]   Weeks: 11/05/2026, 18/05/2026, 25/05/2026, 01/06/2026
[2026-05-16 11:11]   13 available target slot(s) (before detail checks)
[2026-05-16 11:11]   Skip (wrong level): Train and Play Blue — Tuesday 11:00
[2026-05-16 11:11]   Skip (excluded instructor): Private Class — Wednesday 16:00
[2026-05-16 11:11]   Done — notified for 0 new slot(s).
[2026-05-16 13:14] Checking availability...
[2026-05-16 13:14]   Weeks: 11/05/2026, 18/05/2026, 25/05/2026, 01/06/2026
[2026-05-16 13:14]   12 available target slot(s) (before detail checks)
[2026-05-16 13:14]   Skip (wrong level): Train and Play Blue — Tuesday 11:00
[2026-05-16 13:14]   Skip (excluded instructor): Private Class — Wednesday 16:00
[2026-05-16 13:14]   Done — notified for 0 new slot(s).
[2026-05-16 15:39] Checking availability...
[2026-05-16 15:39]   Weeks: 11/05/2026, 18/05/2026, 25/05/2026, 01/06/2026
[2026-05-16 15:39]   11 available target slot(s) (before detail checks)
[2026-05-16 15:39]   Skip (wrong level): Train and Play Blue — Tuesday 11:00
[2026-05-16 15:39]   Done — notified for 0 new slot(s).
[2026-05-16 17:05] Checking availability...
[2026-05-16 17:05]   Weeks: 11/05/2026, 18/05/2026, 25/05/2026, 01/06/2026
[2026-05-16 17:05]   11 available target slot(s) (before detail checks)
[2026-05-16 17:05]   Skip (wrong level): Train and Play Blue — Tuesday 11:00
[2026-05-16 17:05]   Done — notified for 0 new slot(s).
[2026-05-16 18:14] Checking availability...
[2026-05-16 18:14]   Weeks: 11/05/2026, 18/05/2026, 25/05/2026, 01/06/2026
[2026-05-16 18:14] ERROR:
Traceback (most recent call last):
  File "/Library/Developer/CommandLineTools/Library/Frameworks/Python3.framework/Versions/3.9/lib/python3.9/urllib/request.py", line 1346, in do_open
    h.request(req.get_method(), req.selector, req.data, headers,
  File "/Library/Developer/CommandLineTools/Library/Frameworks/Python3.framework/Versions/3.9/lib/python3.9/http/client.py", line 1257, in request
    self._send_request(method, url, body, headers, encode_chunked)
  File "/Library/Developer/CommandLineTools/Library/Frameworks/Python3.framework/Versions/3.9/lib/python3.9/http/client.py", line 1303, in _send_request
    self.endheaders(body, encode_chunked=encode_chunked)
  File "/Library/Developer/CommandLineTools/Library/Frameworks/Python3.framework/Versions/3.9/lib/python3.9/http/client.py", line 1252, in endheaders
    self._send_output(message_body, encode_chunked=encode_chunked)
  File "/Library/Developer/CommandLineTools/Library/Frameworks/Python3.framework/Versions/3.9/lib/python3.9/http/client.py", line 1012, in _send_output
    self.send(msg)
  File "/Library/Developer/CommandLineTools/Library/Frameworks/Python3.framework/Versions/3.9/lib/python3.9/http/client.py", line 952, in send
    self.connect()
  File "/Library/Developer/CommandLineTools/Library/Frameworks/Python3.framework/Versions/3.9/lib/python3.9/http/client.py", line 1419, in connect
    super().connect()
  File "/Library/Developer/CommandLineTools/Library/Frameworks/Python3.framework/Versions/3.9/lib/python3.9/http/client.py", line 923, in connect
    self.sock = self._create_connection(
  File "/Library/Developer/CommandLineTools/Library/Frameworks/Python3.framework/Versions/3.9/lib/python3.9/socket.py", line 843, in create_connection
    raise err
  File "/Library/Developer/CommandLineTools/Library/Frameworks/Python3.framework/Versions/3.9/lib/python3.9/socket.py", line 831, in create_connection
    sock.connect(sa)
socket.timeout: timed out

During handling of the above exception, another exception occurred:

Traceback (most recent call last):
  File "/Users/meganward/personal/padel-booking/check_padel.py", line 246, in <module>
    main()
  File "/Users/meganward/personal/padel-booking/check_padel.py", line 188, in main
    activities = get_activities_for_week(week["NumeroSemana"], week["Anyo"])
  File "/Users/meganward/personal/padel-booking/check_padel.py", line 61, in get_activities_for_week
    result = post_json("/ActBooking/srvc.aspx/ObtenerCuadroActividadesSemanal", body)
  File "/Users/meganward/personal/padel-booking/check_padel.py", line 42, in post_json
    with urllib.request.urlopen(req, timeout=15) as resp:
  File "/Library/Developer/CommandLineTools/Library/Frameworks/Python3.framework/Versions/3.9/lib/python3.9/urllib/request.py", line 214, in urlopen
    return opener.open(url, data, timeout)
  File "/Library/Developer/CommandLineTools/Library/Frameworks/Python3.framework/Versions/3.9/lib/python3.9/urllib/request.py", line 517, in open
    response = self._open(req, data)
  File "/Library/Developer/CommandLineTools/Library/Frameworks/Python3.framework/Versions/3.9/lib/python3.9/urllib/request.py", line 534, in _open
    result = self._call_chain(self.handle_open, protocol, protocol +
  File "/Library/Developer/CommandLineTools/Library/Frameworks/Python3.framework/Versions/3.9/lib/python3.9/urllib/request.py", line 494, in _call_chain
    result = func(*args)
  File "/Library/Developer/CommandLineTools/Library/Frameworks/Python3.framework/Versions/3.9/lib/python3.9/urllib/request.py", line 1389, in https_open
    return self.do_open(http.client.HTTPSConnection, req,
  File "/Library/Developer/CommandLineTools/Library/Frameworks/Python3.framework/Versions/3.9/lib/python3.9/urllib/request.py", line 1349, in do_open
    raise URLError(err)
urllib.error.URLError: <urlopen error timed out>

[2026-05-16 20:11] Checking availability...
[2026-05-16 20:11]   Weeks: 11/05/2026, 18/05/2026, 25/05/2026, 01/06/2026
[2026-05-16 20:11]   11 available target slot(s) (before detail checks)
[2026-05-16 20:11]   Skip (wrong level): Train and Play Blue — Tuesday 11:00
[2026-05-16 20:12]   Detail page fetch failed for https://stratfordpadelclub.matchpoint.com.es/actbooking/info.aspx?bid=223eb9f11e: <urlopen error timed out>
[2026-05-16 20:12]   NOTIFY: Private Class — Thu 21 May, 13:00–14:00 (1 free)
[2026-05-16 20:12]   Skip (excluded instructor): Private Class — Tuesday 14:00
[2026-05-16 20:12]   Done — notified for 1 new slot(s).
[2026-05-16 20:39] Checking availability...
[2026-05-16 20:39]   Weeks: 11/05/2026, 18/05/2026, 25/05/2026, 01/06/2026
[2026-05-16 20:39]   11 available target slot(s) (before detail checks)
[2026-05-16 20:39]   Skip (wrong level): Train and Play Blue — Tuesday 11:00
[2026-05-16 20:39]   Skip (excluded instructor): Private Class — Tuesday 14:00
[2026-05-16 20:39]   Done — notified for 0 new slot(s).
[2026-05-16 22:20] Checking availability...
[2026-05-16 22:20]   Weeks: 11/05/2026, 18/05/2026, 25/05/2026, 01/06/2026
[2026-05-16 22:20]   11 available target slot(s) (before detail checks)
[2026-05-16 22:20]   Skip (wrong level): Train and Play Blue — Tuesday 11:00
[2026-05-16 22:20]   Skip (excluded instructor): Private Class — Tuesday 14:00
[2026-05-16 22:20]   Done — notified for 0 new slot(s).
[2026-05-16 22:50] Checking availability...
[2026-05-16 22:50]   Weeks: 11/05/2026, 18/05/2026, 25/05/2026, 01/06/2026
[2026-05-16 22:50]   11 available target slot(s) (before detail checks)
[2026-05-16 22:50]   Skip (wrong level): Train and Play Blue — Tuesday 11:00
[2026-05-16 22:50]   Skip (excluded instructor): Private Class — Tuesday 16:00
[2026-05-16 22:50]   Skip (excluded instructor): Private Class — Tuesday 14:00
[2026-05-16 22:50]   Done — notified for 0 new slot(s).
[2026-05-16 23:00] Checking availability...
[2026-05-16 23:00]   Weeks: 11/05/2026, 18/05/2026, 25/05/2026, 01/06/2026
[2026-05-16 23:00]   11 available target slot(s) (before detail checks)
[2026-05-16 23:00]   Skip (wrong level): Train and Play Blue — Tuesday 11:00
[2026-05-16 23:00]   Skip (excluded instructor): Private Class — Tuesday 16:00
[2026-05-16 23:00]   Skip (excluded instructor): Private Class — Tuesday 14:00
[2026-05-16 23:00]   Done — notified for 0 new slot(s).
[2026-05-16 23:10] Checking availability...
[2026-05-16 23:10]   Weeks: 11/05/2026, 18/05/2026, 25/05/2026, 01/06/2026
[2026-05-16 23:10]   11 available target slot(s) (before detail checks)
[2026-05-16 23:10]   Skip (wrong level): Train and Play Blue — Tuesday 11:00
[2026-05-16 23:10]   Skip (excluded instructor): Private Class — Tuesday 16:00
[2026-05-16 23:10]   Skip (excluded instructor): Private Class — Tuesday 14:00
[2026-05-16 23:10]   Done — notified for 0 new slot(s).
[2026-05-16 23:20] Checking availability...
[2026-05-16 23:20]   Weeks: 11/05/2026, 18/05/2026, 25/05/2026, 01/06/2026
[2026-05-16 23:20]   11 available target slot(s) (before detail checks)
[2026-05-16 23:20]   Skip (wrong level): Train and Play Blue — Tuesday 11:00
[2026-05-16 23:20]   Skip (excluded instructor): Private Class — Tuesday 16:00
[2026-05-16 23:20]   Skip (excluded instructor): Private Class — Tuesday 14:00
[2026-05-16 23:20]   Done — notified for 0 new slot(s).
[2026-05-16 23:30] Checking availability...
[2026-05-16 23:30]   Weeks: 11/05/2026, 18/05/2026, 25/05/2026, 01/06/2026
[2026-05-16 23:30]   11 available target slot(s) (before detail checks)
[2026-05-16 23:30]   Skip (wrong level): Train and Play Blue — Tuesday 11:00
[2026-05-16 23:30]   Skip (excluded instructor): Private Class — Tuesday 16:00
[2026-05-16 23:30]   Detail page fetch failed for https://stratfordpadelclub.matchpoint.com.es/actbooking/info.aspx?bid=a2d17bf986: <urlopen error timed out>
[2026-05-16 23:30]   NOTIFY: Private Class — Tue 26 May, 14:00–15:00 (1 free)
[2026-05-16 23:30]   Done — notified for 1 new slot(s).
[2026-05-16 23:40] Checking availability...
[2026-05-16 23:40]   Weeks: 11/05/2026, 18/05/2026, 25/05/2026, 01/06/2026
[2026-05-16 23:40]   11 available target slot(s) (before detail checks)
[2026-05-16 23:40]   Skip (wrong level): Train and Play Blue — Tuesday 11:00
[2026-05-16 23:40]   Skip (excluded instructor): Private Class — Tuesday 16:00
[2026-05-16 23:40]   Done — notified for 0 new slot(s).
[2026-05-16 23:50] Checking availability...
[2026-05-16 23:50]   Weeks: 11/05/2026, 18/05/2026, 25/05/2026, 01/06/2026
[2026-05-16 23:50]   11 available target slot(s) (before detail checks)
[2026-05-16 23:50]   Skip (wrong level): Train and Play Blue — Tuesday 11:00
[2026-05-16 23:50]   Skip (excluded instructor): Private Class — Tuesday 16:00
[2026-05-16 23:50]   Done — notified for 0 new slot(s).
[2026-05-17 00:08] Checking availability...
[2026-05-17 00:08]   Weeks: 11/05/2026, 18/05/2026, 25/05/2026, 01/06/2026
[2026-05-17 00:08]   10 available target slot(s) (before detail checks)
[2026-05-17 00:08]   Skip (wrong level): Train and Play Blue — Tuesday 11:00
[2026-05-17 00:08]   Done — notified for 0 new slot(s).
[2026-05-17 00:18] Checking availability...
[2026-05-17 00:18]   Weeks: 11/05/2026, 18/05/2026, 25/05/2026, 01/06/2026
[2026-05-17 00:18]   10 available target slot(s) (before detail checks)
[2026-05-17 00:18]   Skip (wrong level): Train and Play Blue — Tuesday 11:00
[2026-05-17 00:18]   Done — notified for 0 new slot(s).
[2026-05-17 00:28] Checking availability...
[2026-05-17 00:28]   Weeks: 11/05/2026, 18/05/2026, 25/05/2026, 01/06/2026
[2026-05-17 00:28]   10 available target slot(s) (before detail checks)
[2026-05-17 00:28]   Skip (wrong level): Train and Play Blue — Tuesday 11:00
[2026-05-17 00:28]   Done — notified for 0 new slot(s).
[2026-05-17 00:38] Checking availability...
[2026-05-17 00:38]   Weeks: 11/05/2026, 18/05/2026, 25/05/2026, 01/06/2026
[2026-05-17 00:38]   10 available target slot(s) (before detail checks)
[2026-05-17 00:38]   Skip (wrong level): Train and Play Blue — Tuesday 11:00
[2026-05-17 00:38]   Done — notified for 0 new slot(s).
[2026-05-17 00:48] Checking availability...
[2026-05-17 00:48]   Weeks: 11/05/2026, 18/05/2026, 25/05/2026, 01/06/2026
[2026-05-17 00:48]   10 available target slot(s) (before detail checks)
[2026-05-17 00:48]   Skip (wrong level): Train and Play Blue — Tuesday 11:00
[2026-05-17 00:48]   Done — notified for 0 new slot(s).
[2026-05-17 00:58] Checking availability...
[2026-05-17 00:58]   Weeks: 11/05/2026, 18/05/2026, 25/05/2026, 01/06/2026
[2026-05-17 00:58]   10 available target slot(s) (before detail checks)
[2026-05-17 00:58]   Skip (wrong level): Train and Play Blue — Tuesday 11:00
[2026-05-17 00:58]   Done — notified for 0 new slot(s).
[2026-05-17 10:16] Checking availability...
[2026-05-17 10:16] ERROR:
Traceback (most recent call last):
  File "/Library/Developer/CommandLineTools/Library/Frameworks/Python3.framework/Versions/3.9/lib/python3.9/urllib/request.py", line 1346, in do_open
    h.request(req.get_method(), req.selector, req.data, headers,
  File "/Library/Developer/CommandLineTools/Library/Frameworks/Python3.framework/Versions/3.9/lib/python3.9/http/client.py", line 1257, in request
    self._send_request(method, url, body, headers, encode_chunked)
  File "/Library/Developer/CommandLineTools/Library/Frameworks/Python3.framework/Versions/3.9/lib/python3.9/http/client.py", line 1303, in _send_request
    self.endheaders(body, encode_chunked=encode_chunked)
  File "/Library/Developer/CommandLineTools/Library/Frameworks/Python3.framework/Versions/3.9/lib/python3.9/http/client.py", line 1252, in endheaders
    self._send_output(message_body, encode_chunked=encode_chunked)
  File "/Library/Developer/CommandLineTools/Library/Frameworks/Python3.framework/Versions/3.9/lib/python3.9/http/client.py", line 1012, in _send_output
    self.send(msg)
  File "/Library/Developer/CommandLineTools/Library/Frameworks/Python3.framework/Versions/3.9/lib/python3.9/http/client.py", line 952, in send
    self.connect()
  File "/Library/Developer/CommandLineTools/Library/Frameworks/Python3.framework/Versions/3.9/lib/python3.9/http/client.py", line 1419, in connect
    super().connect()
  File "/Library/Developer/CommandLineTools/Library/Frameworks/Python3.framework/Versions/3.9/lib/python3.9/http/client.py", line 923, in connect
    self.sock = self._create_connection(
  File "/Library/Developer/CommandLineTools/Library/Frameworks/Python3.framework/Versions/3.9/lib/python3.9/socket.py", line 822, in create_connection
    for res in getaddrinfo(host, port, 0, SOCK_STREAM):
  File "/Library/Developer/CommandLineTools/Library/Frameworks/Python3.framework/Versions/3.9/lib/python3.9/socket.py", line 953, in getaddrinfo
    for res in _socket.getaddrinfo(host, port, family, type, proto, flags):
socket.gaierror: [Errno 8] nodename nor servname provided, or not known

During handling of the above exception, another exception occurred:

Traceback (most recent call last):
  File "/Users/meganward/personal/padel-booking/check_padel.py", line 246, in <module>
    main()
  File "/Users/meganward/personal/padel-booking/check_padel.py", line 183, in main
    weeks = get_available_weeks()
  File "/Users/meganward/personal/padel-booking/check_padel.py", line 47, in get_available_weeks
    result = post_json("/ActBooking/srvc.aspx/ObtenerSemanas", {})
  File "/Users/meganward/personal/padel-booking/check_padel.py", line 42, in post_json
    with urllib.request.urlopen(req, timeout=15) as resp:
  File "/Library/Developer/CommandLineTools/Library/Frameworks/Python3.framework/Versions/3.9/lib/python3.9/urllib/request.py", line 214, in urlopen
    return opener.open(url, data, timeout)
  File "/Library/Developer/CommandLineTools/Library/Frameworks/Python3.framework/Versions/3.9/lib/python3.9/urllib/request.py", line 517, in open
    response = self._open(req, data)
  File "/Library/Developer/CommandLineTools/Library/Frameworks/Python3.framework/Versions/3.9/lib/python3.9/urllib/request.py", line 534, in _open
    result = self._call_chain(self.handle_open, protocol, protocol +
  File "/Library/Developer/CommandLineTools/Library/Frameworks/Python3.framework/Versions/3.9/lib/python3.9/urllib/request.py", line 494, in _call_chain
    result = func(*args)
  File "/Library/Developer/CommandLineTools/Library/Frameworks/Python3.framework/Versions/3.9/lib/python3.9/urllib/request.py", line 1389, in https_open
    return self.do_open(http.client.HTTPSConnection, req,
  File "/Library/Developer/CommandLineTools/Library/Frameworks/Python3.framework/Versions/3.9/lib/python3.9/urllib/request.py", line 1349, in do_open
    raise URLError(err)
urllib.error.URLError: <urlopen error [Errno 8] nodename nor servname provided, or not known>

[2026-05-17 20:06] Checking availability...
[2026-05-17 20:06] ERROR:
Traceback (most recent call last):
  File "/Library/Developer/CommandLineTools/Library/Frameworks/Python3.framework/Versions/3.9/lib/python3.9/urllib/request.py", line 1346, in do_open
    h.request(req.get_method(), req.selector, req.data, headers,
  File "/Library/Developer/CommandLineTools/Library/Frameworks/Python3.framework/Versions/3.9/lib/python3.9/http/client.py", line 1257, in request
    self._send_request(method, url, body, headers, encode_chunked)
  File "/Library/Developer/CommandLineTools/Library/Frameworks/Python3.framework/Versions/3.9/lib/python3.9/http/client.py", line 1303, in _send_request
    self.endheaders(body, encode_chunked=encode_chunked)
  File "/Library/Developer/CommandLineTools/Library/Frameworks/Python3.framework/Versions/3.9/lib/python3.9/http/client.py", line 1252, in endheaders
    self._send_output(message_body, encode_chunked=encode_chunked)
  File "/Library/Developer/CommandLineTools/Library/Frameworks/Python3.framework/Versions/3.9/lib/python3.9/http/client.py", line 1012, in _send_output
    self.send(msg)
  File "/Library/Developer/CommandLineTools/Library/Frameworks/Python3.framework/Versions/3.9/lib/python3.9/http/client.py", line 952, in send
    self.connect()
  File "/Library/Developer/CommandLineTools/Library/Frameworks/Python3.framework/Versions/3.9/lib/python3.9/http/client.py", line 1419, in connect
    super().connect()
  File "/Library/Developer/CommandLineTools/Library/Frameworks/Python3.framework/Versions/3.9/lib/python3.9/http/client.py", line 923, in connect
    self.sock = self._create_connection(
  File "/Library/Developer/CommandLineTools/Library/Frameworks/Python3.framework/Versions/3.9/lib/python3.9/socket.py", line 822, in create_connection
    for res in getaddrinfo(host, port, 0, SOCK_STREAM):
  File "/Library/Developer/CommandLineTools/Library/Frameworks/Python3.framework/Versions/3.9/lib/python3.9/socket.py", line 953, in getaddrinfo
    for res in _socket.getaddrinfo(host, port, family, type, proto, flags):
socket.gaierror: [Errno 8] nodename nor servname provided, or not known

During handling of the above exception, another exception occurred:

Traceback (most recent call last):
  File "/Users/meganward/personal/padel-booking/check_padel.py", line 246, in <module>
    main()
  File "/Users/meganward/personal/padel-booking/check_padel.py", line 183, in main
    weeks = get_available_weeks()
  File "/Users/meganward/personal/padel-booking/check_padel.py", line 47, in get_available_weeks
    result = post_json("/ActBooking/srvc.aspx/ObtenerSemanas", {})
  File "/Users/meganward/personal/padel-booking/check_padel.py", line 42, in post_json
    with urllib.request.urlopen(req, timeout=15) as resp:
  File "/Library/Developer/CommandLineTools/Library/Frameworks/Python3.framework/Versions/3.9/lib/python3.9/urllib/request.py", line 214, in urlopen
    return opener.open(url, data, timeout)
  File "/Library/Developer/CommandLineTools/Library/Frameworks/Python3.framework/Versions/3.9/lib/python3.9/urllib/request.py", line 517, in open
    response = self._open(req, data)
  File "/Library/Developer/CommandLineTools/Library/Frameworks/Python3.framework/Versions/3.9/lib/python3.9/urllib/request.py", line 534, in _open
    result = self._call_chain(self.handle_open, protocol, protocol +
  File "/Library/Developer/CommandLineTools/Library/Frameworks/Python3.framework/Versions/3.9/lib/python3.9/urllib/request.py", line 494, in _call_chain
    result = func(*args)
  File "/Library/Developer/CommandLineTools/Library/Frameworks/Python3.framework/Versions/3.9/lib/python3.9/urllib/request.py", line 1389, in https_open
    return self.do_open(http.client.HTTPSConnection, req,
  File "/Library/Developer/CommandLineTools/Library/Frameworks/Python3.framework/Versions/3.9/lib/python3.9/urllib/request.py", line 1349, in do_open
    raise URLError(err)
urllib.error.URLError: <urlopen error [Errno 8] nodename nor servname provided, or not known>

[2026-05-17 20:31] Checking availability...
[2026-05-17 20:31]   Weeks: 11/05/2026, 18/05/2026, 25/05/2026, 01/06/2026
[2026-05-17 20:31]   8 available target slot(s) (before detail checks)
[2026-05-17 20:31]   Skip (wrong level): Train and Play Blue — Tuesday 11:00
[2026-05-17 20:31]   Done — notified for 0 new slot(s).
[2026-05-18 08:41] Checking availability...
[2026-05-18 08:41]   Weeks: 18/05/2026, 25/05/2026, 01/06/2026, 08/06/2026
[2026-05-18 08:41]   11 available target slot(s) (before detail checks)
[2026-05-18 08:41]   Skip (wrong level): Train and Play Blue — Tuesday 11:00
[2026-05-18 08:41]   Skip (excluded instructor): Private Class — Wednesday 13:30
[2026-05-18 08:41]   NOTIFY: Private Class — Tue 19 May, 15:00–16:00 (1 free)
[2026-05-18 08:41]   NOTIFY: Private Class — Wed 27 May, 09:00–10:00 (1 free)
[2026-05-18 08:41]   NOTIFY: Private Class — Fri 12 Jun, 08:00–09:00 (1 free)
[2026-05-18 08:41]   NOTIFY: Private Class — Mon 08 Jun, 13:00–14:00 (1 free)
[2026-05-18 08:41]   Done — notified for 4 new slot(s).
[2026-05-18 10:18] Checking availability...
[2026-05-18 10:18]   Weeks: 18/05/2026, 25/05/2026, 01/06/2026, 08/06/2026
[2026-05-18 10:18]   9 available target slot(s) (before detail checks)
[2026-05-18 10:18]   Skip (wrong level): Train and Play Blue — Tuesday 12:00
[2026-05-18 10:18]   Skip (excluded instructor): Private Class — Wednesday 13:30
[2026-05-18 10:18]   Skip (excluded instructor): Private Class — Wednesday 15:30
[2026-05-18 10:18]   Done — notified for 0 new slot(s).
[2026-05-18 10:29] Checking availability...
[2026-05-18 10:29]   Weeks: 18/05/2026, 25/05/2026, 01/06/2026, 08/06/2026
[2026-05-18 10:29]   11 available target slot(s) (before detail checks)
[2026-05-18 10:29]   Skip (wrong level): Train and Play Blue — Tuesday 12:00
[2026-05-18 10:29]   NOTIFY: Train and Play Blue — Thu 21 May, 12:00–14:00 (1 free)
[2026-05-18 10:29]   Skip (excluded instructor): Private Class — Wednesday 13:30
[2026-05-18 10:29]   NOTIFY: Private Class — Tue 19 May, 14:00–15:00 (1 free)
[2026-05-18 10:29]   Skip (excluded instructor): Private Class — Wednesday 15:30
[2026-05-18 10:29]   Done — notified for 2 new slot(s).
[2026-05-18 10:39] Checking availability...
[2026-05-18 10:39]   Weeks: 18/05/2026, 25/05/2026, 01/06/2026, 08/06/2026
[2026-05-18 10:39]   11 available target slot(s) (before detail checks)
[2026-05-18 10:39]   Skip (wrong level): Train and Play Blue — Tuesday 12:00
[2026-05-18 10:39]   Skip (excluded instructor): Private Class — Wednesday 13:30
[2026-05-18 10:39]   Skip (excluded instructor): Private Class — Wednesday 15:30
[2026-05-18 10:39]   Done — notified for 0 new slot(s).
[2026-05-18 10:49] Checking availability...
[2026-05-18 10:49]   Weeks: 18/05/2026, 25/05/2026, 01/06/2026, 08/06/2026
[2026-05-18 10:49]   11 available target slot(s) (before detail checks)
[2026-05-18 10:49]   Skip (wrong level): Train and Play Blue — Tuesday 12:00
[2026-05-18 10:49]   Skip (excluded instructor): Private Class — Wednesday 13:30
[2026-05-18 10:49]   Skip (excluded instructor): Private Class — Wednesday 15:30
[2026-05-18 10:49]   Done — notified for 0 new slot(s).
[2026-05-18 12:54] Checking availability...
[2026-05-18 12:54]   Weeks: 18/05/2026, 25/05/2026, 01/06/2026, 08/06/2026
[2026-05-18 12:54]   9 available target slot(s) (before detail checks)
[2026-05-18 12:54]   Skip (wrong level): Train and Play Blue — Tuesday 12:00
[2026-05-18 12:54]   Skip (excluded instructor): Private Class — Wednesday 13:30
[2026-05-18 12:54]   Skip (excluded instructor): Private Class — Wednesday 15:30
[2026-05-18 12:54]   Done — notified for 0 new slot(s).
[2026-05-18 13:04] Checking availability...
[2026-05-18 13:04]   Weeks: 18/05/2026, 25/05/2026, 01/06/2026, 08/06/2026
[2026-05-18 13:04]   9 available target slot(s) (before detail checks)
[2026-05-18 13:04]   Skip (wrong level): Train and Play Blue — Tuesday 12:00
[2026-05-18 13:04]   Skip (excluded instructor): Private Class — Wednesday 13:30
[2026-05-18 13:04]   Skip (excluded instructor): Private Class — Wednesday 15:30
[2026-05-18 13:04]   Done — notified for 0 new slot(s).
[2026-05-18 13:14] Checking availability...
[2026-05-18 13:14]   Weeks: 18/05/2026, 25/05/2026, 01/06/2026, 08/06/2026
[2026-05-18 13:14]   9 available target slot(s) (before detail checks)
[2026-05-18 13:14]   Skip (wrong level): Train and Play Blue — Tuesday 12:00
[2026-05-18 13:14]   Skip (excluded instructor): Private Class — Wednesday 13:30
[2026-05-18 13:14]   Skip (excluded instructor): Private Class — Wednesday 15:30
[2026-05-18 13:14]   Done — notified for 0 new slot(s).
[2026-05-18 16:21] Checking availability...
[2026-05-18 16:21]   Weeks: 18/05/2026, 25/05/2026, 01/06/2026, 08/06/2026
[2026-05-18 16:21]   9 available target slot(s) (before detail checks)
[2026-05-18 16:21]   Skip (wrong level): Train and Play Blue — Tuesday 12:00
[2026-05-18 16:21]   Skip (excluded instructor): Private Class — Wednesday 13:30
[2026-05-18 16:21]   Skip (excluded instructor): Private Class — Wednesday 15:30
[2026-05-18 16:21]   Done — notified for 0 new slot(s).
[2026-05-18 20:49] Checking availability...
[2026-05-18 20:49]   Weeks: 18/05/2026, 25/05/2026, 01/06/2026, 08/06/2026
[2026-05-18 20:49]   7 available target slot(s) (before detail checks)
[2026-05-18 20:49]   Skip (wrong level): Train and Play Blue — Tuesday 12:00
[2026-05-18 20:49]   Skip (excluded instructor): Private Class — Wednesday 13:30
[2026-05-18 20:49]   Skip (excluded instructor): Private Class — Wednesday 15:30
[2026-05-18 20:49]   Done — notified for 0 new slot(s).
[2026-05-18 20:59] Checking availability...
[2026-05-18 20:59]   Weeks: 18/05/2026, 25/05/2026, 01/06/2026, 08/06/2026
[2026-05-18 20:59]   8 available target slot(s) (before detail checks)
[2026-05-18 20:59]   Skip (wrong level): Train and Play Blue — Tuesday 12:00
[2026-05-18 20:59]   Skip (excluded instructor): Private Class — Wednesday 13:30
[2026-05-18 20:59]   Skip (excluded instructor): Private Class — Wednesday 15:30
[2026-05-18 20:59]   Done — notified for 0 new slot(s).
[2026-05-18 21:08] Checking availability...
[2026-05-18 21:09]   Weeks: 18/05/2026, 25/05/2026, 01/06/2026, 08/06/2026
[2026-05-18 21:09]   8 available target slot(s) (before detail checks)
[2026-05-18 21:09]   Skip (wrong level): Train and Play Blue — Tuesday 12:00
[2026-05-18 21:09]   Skip (excluded instructor): Private Class — Wednesday 13:30
[2026-05-18 21:09]   Skip (excluded instructor): Private Class — Wednesday 15:30
[2026-05-18 21:09]   Done — notified for 0 new slot(s).
[2026-05-18 21:19] Checking availability...
[2026-05-18 21:19]   Weeks: 18/05/2026, 25/05/2026, 01/06/2026, 08/06/2026
[2026-05-18 21:19]   8 available target slot(s) (before detail checks)
[2026-05-18 21:19]   Skip (wrong level): Train and Play Blue — Tuesday 12:00
[2026-05-18 21:19]   Skip (excluded instructor): Private Class — Wednesday 13:30
[2026-05-18 21:19]   Skip (excluded instructor): Private Class — Wednesday 15:30
[2026-05-18 21:19]   Done — notified for 0 new slot(s).
[2026-05-18 21:29] Checking availability...
[2026-05-18 21:29]   Weeks: 18/05/2026, 25/05/2026, 01/06/2026, 08/06/2026
[2026-05-18 21:29]   8 available target slot(s) (before detail checks)
[2026-05-18 21:29]   Skip (wrong level): Train and Play Blue — Tuesday 12:00
[2026-05-18 21:29]   Skip (excluded instructor): Private Class — Wednesday 13:30
[2026-05-18 21:29]   Skip (excluded instructor): Private Class — Wednesday 15:30
[2026-05-18 21:29]   Done — notified for 0 new slot(s).
[2026-05-18 23:36] Checking availability...
[2026-05-18 23:36]   Weeks: 18/05/2026, 25/05/2026, 01/06/2026, 08/06/2026
[2026-05-18 23:36]   6 available target slot(s) (before detail checks)
[2026-05-18 23:36]   Skip (excluded instructor): Private Class — Wednesday 13:30
[2026-05-18 23:36]   Skip (excluded instructor): Private Class — Wednesday 15:30
[2026-05-18 23:36]   Done — notified for 0 new slot(s).
[2026-05-19 09:44] Checking availability...
[2026-05-19 09:44]   Weeks: 18/05/2026, 25/05/2026, 01/06/2026, 08/06/2026
[2026-05-19 09:44]   5 available target slot(s) (before detail checks)
[2026-05-19 09:44]   Skip (excluded instructor): Private Class — Wednesday 12:00
[2026-05-19 09:44]   Skip (excluded instructor): Private Class — Wednesday 13:30
[2026-05-19 09:44]   Skip (excluded instructor): Private Class — Wednesday 15:30
[2026-05-19 09:44]   Done — notified for 0 new slot(s).
[2026-05-19 09:54] Checking availability...
[2026-05-19 09:54]   Weeks: 18/05/2026, 25/05/2026, 01/06/2026, 08/06/2026
[2026-05-19 09:55]   5 available target slot(s) (before detail checks)
[2026-05-19 09:55]   Skip (excluded instructor): Private Class — Wednesday 12:00
[2026-05-19 09:55]   Skip (excluded instructor): Private Class — Wednesday 13:30
[2026-05-19 09:55]   Skip (excluded instructor): Private Class — Wednesday 15:30
[2026-05-19 09:55]   Done — notified for 0 new slot(s).
[2026-05-19 10:05] Checking availability...
[2026-05-19 10:05]   Weeks: 18/05/2026, 25/05/2026, 01/06/2026, 08/06/2026
[2026-05-19 10:05]   5 available target slot(s) (before detail checks)
[2026-05-19 10:05]   Skip (excluded instructor): Private Class — Wednesday 12:00
[2026-05-19 10:05]   Skip (excluded instructor): Private Class — Wednesday 13:30
[2026-05-19 10:05]   Skip (excluded instructor): Private Class — Wednesday 15:30
[2026-05-19 10:05]   Done — notified for 0 new slot(s).
[2026-05-19 10:24] Checking availability...
[2026-05-19 10:24]   Weeks: 18/05/2026, 25/05/2026, 01/06/2026, 08/06/2026
[2026-05-19 10:24]   5 available target slot(s) (before detail checks)
[2026-05-19 10:24]   Skip (excluded instructor): Private Class — Wednesday 12:00
[2026-05-19 10:24]   Skip (excluded instructor): Private Class — Wednesday 13:30
[2026-05-19 10:24]   Skip (excluded instructor): Private Class — Wednesday 15:30
[2026-05-19 10:24]   Done — notified for 0 new slot(s).
[2026-05-19 10:34] Checking availability...
[2026-05-19 10:34]   Weeks: 18/05/2026, 25/05/2026, 01/06/2026, 08/06/2026
[2026-05-19 10:34]   5 available target slot(s) (before detail checks)
[2026-05-19 10:34]   Skip (excluded instructor): Private Class — Wednesday 12:00
[2026-05-19 10:34]   Skip (excluded instructor): Private Class — Wednesday 13:30
[2026-05-19 10:34]   Skip (excluded instructor): Private Class — Wednesday 15:30
[2026-05-19 10:34]   Done — notified for 0 new slot(s).
[2026-05-19 10:44] Checking availability...
[2026-05-19 10:44]   Weeks: 18/05/2026, 25/05/2026, 01/06/2026, 08/06/2026
[2026-05-19 10:44]   4 available target slot(s) (before detail checks)
[2026-05-19 10:44]   Skip (excluded instructor): Private Class — Wednesday 12:00
[2026-05-19 10:44]   Skip (excluded instructor): Private Class — Wednesday 13:30
[2026-05-19 10:44]   Skip (excluded instructor): Private Class — Wednesday 15:30
[2026-05-19 10:44]   Done — notified for 0 new slot(s).
[2026-05-19 10:54] Checking availability...
[2026-05-19 10:54]   Weeks: 18/05/2026, 25/05/2026, 01/06/2026, 08/06/2026
[2026-05-19 10:54]   4 available target slot(s) (before detail checks)
[2026-05-19 10:54]   Skip (excluded instructor): Private Class — Wednesday 12:00
[2026-05-19 10:54]   Skip (excluded instructor): Private Class — Wednesday 13:30
[2026-05-19 10:54]   Skip (excluded instructor): Private Class — Wednesday 15:30
[2026-05-19 10:54]   Done — notified for 0 new slot(s).
[2026-05-19 13:05] Checking availability...
[2026-05-19 13:05]   Weeks: 18/05/2026, 25/05/2026, 01/06/2026, 08/06/2026
[2026-05-19 13:05]   4 available target slot(s) (before detail checks)
[2026-05-19 13:05]   Skip (excluded instructor): Private Class — Wednesday 12:00
[2026-05-19 13:05]   Skip (excluded instructor): Private Class — Wednesday 13:30
[2026-05-19 13:05]   Skip (excluded instructor): Private Class — Wednesday 15:30
[2026-05-19 13:05]   Done — notified for 0 new slot(s).
[2026-05-19 14:45] Checking availability...
[2026-05-19 14:45]   Weeks: 18/05/2026, 25/05/2026, 01/06/2026, 08/06/2026
[2026-05-19 14:45]   5 available target slot(s) (before detail checks)
[2026-05-19 14:45]   Skip (excluded instructor): Private Class — Wednesday 12:00
[2026-05-19 14:45]   NOTIFY: Private Class — Wed 20 May, 13:00–14:00 (1 free)
[2026-05-19 14:45]   Skip (excluded instructor): Private Class — Wednesday 13:30
[2026-05-19 14:45]   Skip (excluded instructor): Private Class — Wednesday 15:30
[2026-05-19 14:45]   Done — notified for 1 new slot(s).
[2026-05-19 18:00] Checking availability...
[2026-05-19 18:00] ERROR:
Traceback (most recent call last):
  File "/Library/Developer/CommandLineTools/Library/Frameworks/Python3.framework/Versions/3.9/lib/python3.9/urllib/request.py", line 1346, in do_open
    h.request(req.get_method(), req.selector, req.data, headers,
  File "/Library/Developer/CommandLineTools/Library/Frameworks/Python3.framework/Versions/3.9/lib/python3.9/http/client.py", line 1257, in request
    self._send_request(method, url, body, headers, encode_chunked)
  File "/Library/Developer/CommandLineTools/Library/Frameworks/Python3.framework/Versions/3.9/lib/python3.9/http/client.py", line 1303, in _send_request
    self.endheaders(body, encode_chunked=encode_chunked)
  File "/Library/Developer/CommandLineTools/Library/Frameworks/Python3.framework/Versions/3.9/lib/python3.9/http/client.py", line 1252, in endheaders
    self._send_output(message_body, encode_chunked=encode_chunked)
  File "/Library/Developer/CommandLineTools/Library/Frameworks/Python3.framework/Versions/3.9/lib/python3.9/http/client.py", line 1012, in _send_output
    self.send(msg)
  File "/Library/Developer/CommandLineTools/Library/Frameworks/Python3.framework/Versions/3.9/lib/python3.9/http/client.py", line 952, in send
    self.connect()
  File "/Library/Developer/CommandLineTools/Library/Frameworks/Python3.framework/Versions/3.9/lib/python3.9/http/client.py", line 1419, in connect
    super().connect()
  File "/Library/Developer/CommandLineTools/Library/Frameworks/Python3.framework/Versions/3.9/lib/python3.9/http/client.py", line 923, in connect
    self.sock = self._create_connection(
  File "/Library/Developer/CommandLineTools/Library/Frameworks/Python3.framework/Versions/3.9/lib/python3.9/socket.py", line 822, in create_connection
    for res in getaddrinfo(host, port, 0, SOCK_STREAM):
  File "/Library/Developer/CommandLineTools/Library/Frameworks/Python3.framework/Versions/3.9/lib/python3.9/socket.py", line 953, in getaddrinfo
    for res in _socket.getaddrinfo(host, port, family, type, proto, flags):
socket.gaierror: [Errno 8] nodename nor servname provided, or not known

During handling of the above exception, another exception occurred:

Traceback (most recent call last):
  File "/Users/meganward/personal/padel-booking/check_padel.py", line 246, in <module>
    main()
  File "/Users/meganward/personal/padel-booking/check_padel.py", line 183, in main
    weeks = get_available_weeks()
  File "/Users/meganward/personal/padel-booking/check_padel.py", line 47, in get_available_weeks
    result = post_json("/ActBooking/srvc.aspx/ObtenerSemanas", {})
  File "/Users/meganward/personal/padel-booking/check_padel.py", line 42, in post_json
    with urllib.request.urlopen(req, timeout=15) as resp:
  File "/Library/Developer/CommandLineTools/Library/Frameworks/Python3.framework/Versions/3.9/lib/python3.9/urllib/request.py", line 214, in urlopen
    return opener.open(url, data, timeout)
  File "/Library/Developer/CommandLineTools/Library/Frameworks/Python3.framework/Versions/3.9/lib/python3.9/urllib/request.py", line 517, in open
    response = self._open(req, data)
  File "/Library/Developer/CommandLineTools/Library/Frameworks/Python3.framework/Versions/3.9/lib/python3.9/urllib/request.py", line 534, in _open
    result = self._call_chain(self.handle_open, protocol, protocol +
  File "/Library/Developer/CommandLineTools/Library/Frameworks/Python3.framework/Versions/3.9/lib/python3.9/urllib/request.py", line 494, in _call_chain
    result = func(*args)
  File "/Library/Developer/CommandLineTools/Library/Frameworks/Python3.framework/Versions/3.9/lib/python3.9/urllib/request.py", line 1389, in https_open
    return self.do_open(http.client.HTTPSConnection, req,
  File "/Library/Developer/CommandLineTools/Library/Frameworks/Python3.framework/Versions/3.9/lib/python3.9/urllib/request.py", line 1349, in do_open
    raise URLError(err)
urllib.error.URLError: <urlopen error [Errno 8] nodename nor servname provided, or not known>

[2026-05-19 18:15] Checking availability...
[2026-05-19 18:15] ERROR:
Traceback (most recent call last):
  File "/Library/Developer/CommandLineTools/Library/Frameworks/Python3.framework/Versions/3.9/lib/python3.9/urllib/request.py", line 1346, in do_open
    h.request(req.get_method(), req.selector, req.data, headers,
  File "/Library/Developer/CommandLineTools/Library/Frameworks/Python3.framework/Versions/3.9/lib/python3.9/http/client.py", line 1257, in request
    self._send_request(method, url, body, headers, encode_chunked)
  File "/Library/Developer/CommandLineTools/Library/Frameworks/Python3.framework/Versions/3.9/lib/python3.9/http/client.py", line 1303, in _send_request
    self.endheaders(body, encode_chunked=encode_chunked)
  File "/Library/Developer/CommandLineTools/Library/Frameworks/Python3.framework/Versions/3.9/lib/python3.9/http/client.py", line 1252, in endheaders
    self._send_output(message_body, encode_chunked=encode_chunked)
  File "/Library/Developer/CommandLineTools/Library/Frameworks/Python3.framework/Versions/3.9/lib/python3.9/http/client.py", line 1012, in _send_output
    self.send(msg)
  File "/Library/Developer/CommandLineTools/Library/Frameworks/Python3.framework/Versions/3.9/lib/python3.9/http/client.py", line 952, in send
    self.connect()
  File "/Library/Developer/CommandLineTools/Library/Frameworks/Python3.framework/Versions/3.9/lib/python3.9/http/client.py", line 1419, in connect
    super().connect()
  File "/Library/Developer/CommandLineTools/Library/Frameworks/Python3.framework/Versions/3.9/lib/python3.9/http/client.py", line 923, in connect
    self.sock = self._create_connection(
  File "/Library/Developer/CommandLineTools/Library/Frameworks/Python3.framework/Versions/3.9/lib/python3.9/socket.py", line 822, in create_connection
    for res in getaddrinfo(host, port, 0, SOCK_STREAM):
  File "/Library/Developer/CommandLineTools/Library/Frameworks/Python3.framework/Versions/3.9/lib/python3.9/socket.py", line 953, in getaddrinfo
    for res in _socket.getaddrinfo(host, port, family, type, proto, flags):
socket.gaierror: [Errno 8] nodename nor servname provided, or not known

During handling of the above exception, another exception occurred:

Traceback (most recent call last):
  File "/Users/meganward/personal/padel-booking/check_padel.py", line 246, in <module>
    main()
  File "/Users/meganward/personal/padel-booking/check_padel.py", line 183, in main
    weeks = get_available_weeks()
  File "/Users/meganward/personal/padel-booking/check_padel.py", line 47, in get_available_weeks
    result = post_json("/ActBooking/srvc.aspx/ObtenerSemanas", {})
  File "/Users/meganward/personal/padel-booking/check_padel.py", line 42, in post_json
    with urllib.request.urlopen(req, timeout=15) as resp:
  File "/Library/Developer/CommandLineTools/Library/Frameworks/Python3.framework/Versions/3.9/lib/python3.9/urllib/request.py", line 214, in urlopen
    return opener.open(url, data, timeout)
  File "/Library/Developer/CommandLineTools/Library/Frameworks/Python3.framework/Versions/3.9/lib/python3.9/urllib/request.py", line 517, in open
    response = self._open(req, data)
  File "/Library/Developer/CommandLineTools/Library/Frameworks/Python3.framework/Versions/3.9/lib/python3.9/urllib/request.py", line 534, in _open
    result = self._call_chain(self.handle_open, protocol, protocol +
  File "/Library/Developer/CommandLineTools/Library/Frameworks/Python3.framework/Versions/3.9/lib/python3.9/urllib/request.py", line 494, in _call_chain
    result = func(*args)
  File "/Library/Developer/CommandLineTools/Library/Frameworks/Python3.framework/Versions/3.9/lib/python3.9/urllib/request.py", line 1389, in https_open
    return self.do_open(http.client.HTTPSConnection, req,
  File "/Library/Developer/CommandLineTools/Library/Frameworks/Python3.framework/Versions/3.9/lib/python3.9/urllib/request.py", line 1349, in do_open
    raise URLError(err)
urllib.error.URLError: <urlopen error [Errno 8] nodename nor servname provided, or not known>

[2026-05-19 21:47] Checking availability...
[2026-05-19 21:47]   Weeks: 18/05/2026, 25/05/2026, 01/06/2026, 08/06/2026
[2026-05-19 21:47]   3 available target slot(s) (before detail checks)
[2026-05-19 21:47]   Skip (excluded instructor): Private Class — Wednesday 13:30
[2026-05-19 21:47]   Skip (excluded instructor): Private Class — Wednesday 15:30
[2026-05-19 21:47]   Done — notified for 0 new slot(s).
[2026-05-19 21:58] Checking availability...
[2026-05-19 21:58]   Weeks: 18/05/2026, 25/05/2026, 01/06/2026, 08/06/2026
[2026-05-19 21:59] ERROR:
Traceback (most recent call last):
  File "/Users/meganward/personal/padel-booking/check_padel.py", line 246, in <module>
    main()
  File "/Users/meganward/personal/padel-booking/check_padel.py", line 188, in main
    activities = get_activities_for_week(week["NumeroSemana"], week["Anyo"])
  File "/Users/meganward/personal/padel-booking/check_padel.py", line 61, in get_activities_for_week
    result = post_json("/ActBooking/srvc.aspx/ObtenerCuadroActividadesSemanal", body)
  File "/Users/meganward/personal/padel-booking/check_padel.py", line 42, in post_json
    with urllib.request.urlopen(req, timeout=15) as resp:
  File "/Library/Developer/CommandLineTools/Library/Frameworks/Python3.framework/Versions/3.9/lib/python3.9/urllib/request.py", line 214, in urlopen
    return opener.open(url, data, timeout)
  File "/Library/Developer/CommandLineTools/Library/Frameworks/Python3.framework/Versions/3.9/lib/python3.9/urllib/request.py", line 517, in open
    response = self._open(req, data)
  File "/Library/Developer/CommandLineTools/Library/Frameworks/Python3.framework/Versions/3.9/lib/python3.9/urllib/request.py", line 534, in _open
    result = self._call_chain(self.handle_open, protocol, protocol +
  File "/Library/Developer/CommandLineTools/Library/Frameworks/Python3.framework/Versions/3.9/lib/python3.9/urllib/request.py", line 494, in _call_chain
    result = func(*args)
  File "/Library/Developer/CommandLineTools/Library/Frameworks/Python3.framework/Versions/3.9/lib/python3.9/urllib/request.py", line 1389, in https_open
    return self.do_open(http.client.HTTPSConnection, req,
  File "/Library/Developer/CommandLineTools/Library/Frameworks/Python3.framework/Versions/3.9/lib/python3.9/urllib/request.py", line 1350, in do_open
    r = h.getresponse()
  File "/Library/Developer/CommandLineTools/Library/Frameworks/Python3.framework/Versions/3.9/lib/python3.9/http/client.py", line 1349, in getresponse
    response.begin()
  File "/Library/Developer/CommandLineTools/Library/Frameworks/Python3.framework/Versions/3.9/lib/python3.9/http/client.py", line 316, in begin
    version, status, reason = self._read_status()
  File "/Library/Developer/CommandLineTools/Library/Frameworks/Python3.framework/Versions/3.9/lib/python3.9/http/client.py", line 277, in _read_status
    line = str(self.fp.readline(_MAXLINE + 1), "iso-8859-1")
  File "/Library/Developer/CommandLineTools/Library/Frameworks/Python3.framework/Versions/3.9/lib/python3.9/socket.py", line 704, in readinto
    return self._sock.recv_into(b)
  File "/Library/Developer/CommandLineTools/Library/Frameworks/Python3.framework/Versions/3.9/lib/python3.9/ssl.py", line 1241, in recv_into
    return self.read(nbytes, buffer)
  File "/Library/Developer/CommandLineTools/Library/Frameworks/Python3.framework/Versions/3.9/lib/python3.9/ssl.py", line 1099, in read
    return self._sslobj.read(len, buffer)
socket.timeout: The read operation timed out

[2026-05-19 23:20] Checking availability...
[2026-05-19 23:20]   Weeks: 18/05/2026, 25/05/2026, 01/06/2026, 08/06/2026
[2026-05-19 23:20]   4 available target slot(s) (before detail checks)
[2026-05-19 23:20]   Skip (excluded instructor): Private Class — Wednesday 13:30
[2026-05-19 23:20]   Skip (excluded instructor): Private Class — Wednesday 15:30
[2026-05-19 23:20]   NOTIFY: Private Class — Tue 26 May, 13:00–14:00 (1 free)
[2026-05-19 23:20]   Done — notified for 1 new slot(s).
[2026-05-19 23:30] Checking availability...
[2026-05-19 23:30]   Weeks: 18/05/2026, 25/05/2026, 01/06/2026, 08/06/2026
[2026-05-19 23:30]   3 available target slot(s) (before detail checks)
[2026-05-19 23:30]   Skip (excluded instructor): Private Class — Wednesday 13:30
[2026-05-19 23:30]   Skip (excluded instructor): Private Class — Wednesday 15:30
[2026-05-19 23:30]   Done — notified for 0 new slot(s).
[2026-05-19 23:40] Checking availability...
[2026-05-19 23:40]   Weeks: 18/05/2026, 25/05/2026, 01/06/2026, 08/06/2026
[2026-05-19 23:40]   3 available target slot(s) (before detail checks)
[2026-05-19 23:40]   Skip (excluded instructor): Private Class — Wednesday 13:30
[2026-05-19 23:40]   Skip (excluded instructor): Private Class — Wednesday 15:30
[2026-05-19 23:40]   Done — notified for 0 new slot(s).
[2026-05-20 00:10] Checking availability...
[2026-05-20 00:10]   Weeks: 18/05/2026, 25/05/2026, 01/06/2026, 08/06/2026
[2026-05-20 00:10]   3 available target slot(s) (before detail checks)
[2026-05-20 00:10]   Skip (excluded instructor): Private Class — Wednesday 13:30
[2026-05-20 00:10]   Skip (excluded instructor): Private Class — Wednesday 15:30
[2026-05-20 00:10]   Done — notified for 0 new slot(s).
[2026-05-20 00:42] Checking availability...
[2026-05-20 00:42]   Weeks: 18/05/2026, 25/05/2026, 01/06/2026, 08/06/2026
[2026-05-20 00:42]   3 available target slot(s) (before detail checks)
[2026-05-20 00:42]   Skip (excluded instructor): Private Class — Wednesday 13:30
[2026-05-20 00:42]   Skip (excluded instructor): Private Class — Wednesday 15:30
[2026-05-20 00:42]   Done — notified for 0 new slot(s).
[2026-05-20 02:34] Checking availability...
[2026-05-20 02:34]   Weeks: 18/05/2026, 25/05/2026, 01/06/2026, 08/06/2026
[2026-05-20 02:34]   3 available target slot(s) (before detail checks)
[2026-05-20 02:34]   Skip (excluded instructor): Private Class — Wednesday 13:30
[2026-05-20 02:34]   Skip (excluded instructor): Private Class — Wednesday 15:30
[2026-05-20 02:34]   Done — notified for 0 new slot(s).
[2026-05-20 02:44] Checking availability...
[2026-05-20 02:44]   Weeks: 18/05/2026, 25/05/2026, 01/06/2026, 08/06/2026
[2026-05-20 02:44]   3 available target slot(s) (before detail checks)
[2026-05-20 02:44]   Skip (excluded instructor): Private Class — Wednesday 13:30
[2026-05-20 02:44]   Skip (excluded instructor): Private Class — Wednesday 15:30
[2026-05-20 02:44]   Done — notified for 0 new slot(s).
[2026-05-20 02:54] Checking availability...
[2026-05-20 02:54]   Weeks: 18/05/2026, 25/05/2026, 01/06/2026, 08/06/2026
[2026-05-20 02:54]   3 available target slot(s) (before detail checks)
[2026-05-20 02:54]   Skip (excluded instructor): Private Class — Wednesday 13:30
[2026-05-20 02:54]   Skip (excluded instructor): Private Class — Wednesday 15:30
[2026-05-20 02:54]   Done — notified for 0 new slot(s).
[2026-05-20 03:04] Checking availability...
[2026-05-20 03:04]   Weeks: 18/05/2026, 25/05/2026, 01/06/2026, 08/06/2026
[2026-05-20 03:04]   3 available target slot(s) (before detail checks)
[2026-05-20 03:04]   Skip (excluded instructor): Private Class — Wednesday 13:30
[2026-05-20 03:04]   Skip (excluded instructor): Private Class — Wednesday 15:30
[2026-05-20 03:04]   Done — notified for 0 new slot(s).
[2026-05-20 03:14] Checking availability...
[2026-05-20 03:14]   Weeks: 18/05/2026, 25/05/2026, 01/06/2026, 08/06/2026
[2026-05-20 03:14]   3 available target slot(s) (before detail checks)
[2026-05-20 03:14]   Skip (excluded instructor): Private Class — Wednesday 13:30
[2026-05-20 03:14]   Skip (excluded instructor): Private Class — Wednesday 15:30
[2026-05-20 03:14]   Done — notified for 0 new slot(s).
[2026-05-20 03:24] Checking availability...
[2026-05-20 03:24]   Weeks: 18/05/2026, 25/05/2026, 01/06/2026, 08/06/2026
[2026-05-20 03:24]   3 available target slot(s) (before detail checks)
[2026-05-20 03:24]   Skip (excluded instructor): Private Class — Wednesday 13:30
[2026-05-20 03:24]   Skip (excluded instructor): Private Class — Wednesday 15:30
[2026-05-20 03:24]   Done — notified for 0 new slot(s).
[2026-05-20 09:34] Checking availability...
[2026-05-20 09:34]   Weeks: 18/05/2026, 25/05/2026, 01/06/2026, 08/06/2026
[2026-05-20 09:34]   3 available target slot(s) (before detail checks)
[2026-05-20 09:34]   Skip (excluded instructor): Private Class — Wednesday 15:30
[2026-05-20 09:34]   Done — notified for 0 new slot(s).
[2026-05-20 09:44] Checking availability...
[2026-05-20 09:44]   Weeks: 18/05/2026, 25/05/2026, 01/06/2026, 08/06/2026
[2026-05-20 09:44]   3 available target slot(s) (before detail checks)
[2026-05-20 09:44]   Skip (excluded instructor): Private Class — Wednesday 15:30
[2026-05-20 09:44]   Done — notified for 0 new slot(s).
[2026-05-20 09:54] Checking availability...
[2026-05-20 09:54]   Weeks: 18/05/2026, 25/05/2026, 01/06/2026, 08/06/2026
[2026-05-20 09:54]   3 available target slot(s) (before detail checks)
[2026-05-20 09:54]   Skip (excluded instructor): Private Class — Wednesday 15:30
[2026-05-20 09:54]   Done — notified for 0 new slot(s).
[2026-05-20 10:04] Checking availability...
[2026-05-20 10:04]   Weeks: 18/05/2026, 25/05/2026, 01/06/2026, 08/06/2026
[2026-05-20 10:04]   3 available target slot(s) (before detail checks)
[2026-05-20 10:04]   Skip (excluded instructor): Private Class — Wednesday 15:30
[2026-05-20 10:04]   Done — notified for 0 new slot(s).
[2026-05-20 10:15] Checking availability...
[2026-05-20 10:15]   Weeks: 18/05/2026, 25/05/2026, 01/06/2026, 08/06/2026
[2026-05-20 10:15]   3 available target slot(s) (before detail checks)
[2026-05-20 10:15]   Skip (excluded instructor): Private Class — Wednesday 15:30
[2026-05-20 10:15]   Done — notified for 0 new slot(s).
[2026-05-20 10:25] Checking availability...
[2026-05-20 10:25]   Weeks: 18/05/2026, 25/05/2026, 01/06/2026, 08/06/2026
[2026-05-20 10:25]   3 available target slot(s) (before detail checks)
[2026-05-20 10:25]   Skip (excluded instructor): Private Class — Wednesday 15:30
[2026-05-20 10:25]   Done — notified for 0 new slot(s).
[2026-05-20 11:06] Checking availability...
[2026-05-20 11:06]   Weeks: 18/05/2026, 25/05/2026, 01/06/2026, 08/06/2026
[2026-05-20 11:06]   3 available target slot(s) (before detail checks)
[2026-05-20 11:06]   Skip (excluded instructor): Private Class — Wednesday 15:30
[2026-05-20 11:06]   Done — notified for 0 new slot(s).
[2026-05-20 11:16] Checking availability...
[2026-05-20 11:16]   Weeks: 18/05/2026, 25/05/2026, 01/06/2026, 08/06/2026
[2026-05-20 11:16]   3 available target slot(s) (before detail checks)
[2026-05-20 11:16]   Skip (excluded instructor): Private Class — Wednesday 15:30
[2026-05-20 11:16]   Done — notified for 0 new slot(s).
[2026-05-20 11:26] Checking availability...
[2026-05-20 11:26]   Weeks: 18/05/2026, 25/05/2026, 01/06/2026, 08/06/2026
[2026-05-20 11:26]   3 available target slot(s) (before detail checks)
[2026-05-20 11:26]   Skip (excluded instructor): Private Class — Wednesday 15:30
[2026-05-20 11:26]   Done — notified for 0 new slot(s).
[2026-05-20 11:36] Checking availability...
[2026-05-20 11:36]   Weeks: 18/05/2026, 25/05/2026, 01/06/2026, 08/06/2026
[2026-05-20 11:36]   3 available target slot(s) (before detail checks)
[2026-05-20 11:36]   Skip (excluded instructor): Private Class — Wednesday 15:30
[2026-05-20 11:36]   Done — notified for 0 new slot(s).
[2026-05-20 11:46] Checking availability...
[2026-05-20 11:46]   Weeks: 18/05/2026, 25/05/2026, 01/06/2026, 08/06/2026
[2026-05-20 11:46]   3 available target slot(s) (before detail checks)
[2026-05-20 11:46]   Skip (excluded instructor): Private Class — Wednesday 15:30
[2026-05-20 11:46]   Done — notified for 0 new slot(s).
[2026-05-20 11:56] Checking availability...
[2026-05-20 11:56]   Weeks: 18/05/2026, 25/05/2026, 01/06/2026, 08/06/2026
[2026-05-20 11:56]   3 available target slot(s) (before detail checks)
[2026-05-20 11:56]   Skip (excluded instructor): Private Class — Wednesday 15:30
[2026-05-20 11:56]   Done — notified for 0 new slot(s).
[2026-05-20 12:06] Checking availability...
[2026-05-20 12:06]   Weeks: 18/05/2026, 25/05/2026, 01/06/2026, 08/06/2026
[2026-05-20 12:06]   3 available target slot(s) (before detail checks)
[2026-05-20 12:06]   Skip (excluded instructor): Private Class — Wednesday 15:30
[2026-05-20 12:06]   Done — notified for 0 new slot(s).
[2026-05-20 12:16] Checking availability...
[2026-05-20 12:16]   Weeks: 18/05/2026, 25/05/2026, 01/06/2026, 08/06/2026
[2026-05-20 12:16]   3 available target slot(s) (before detail checks)
[2026-05-20 12:16]   Skip (excluded instructor): Private Class — Wednesday 15:30
[2026-05-20 12:16]   Done — notified for 0 new slot(s).
[2026-05-20 12:38] Checking availability...
[2026-05-20 12:38]   Weeks: 18/05/2026, 25/05/2026, 01/06/2026, 08/06/2026
[2026-05-20 12:38]   3 available target slot(s) (before detail checks)
[2026-05-20 12:38]   Skip (excluded instructor): Private Class — Wednesday 15:30
[2026-05-20 12:38]   Done — notified for 0 new slot(s).
[2026-05-20 13:34] Checking availability...
[2026-05-20 13:34]   Weeks: 18/05/2026, 25/05/2026, 01/06/2026, 08/06/2026
[2026-05-20 13:34]   2 available target slot(s) (before detail checks)
[2026-05-20 13:34]   Done — notified for 0 new slot(s).
[2026-05-20 14:27] Checking availability...
[2026-05-20 14:27]   Weeks: 18/05/2026, 25/05/2026, 01/06/2026, 08/06/2026
[2026-05-20 14:27]   1 available target slot(s) (before detail checks)
[2026-05-20 14:27]   NOTIFY: Private Class — Fri 22 May, 10:00–11:00 (1 free)
[2026-05-20 14:27]   Done — notified for 1 new slot(s).
[2026-05-20 15:06] Checking availability...
[2026-05-20 15:06]   Weeks: 18/05/2026, 25/05/2026, 01/06/2026, 08/06/2026
[2026-05-20 15:06]   1 available target slot(s) (before detail checks)
[2026-05-20 15:06]   Done — notified for 0 new slot(s).
[2026-05-20 15:16] Checking availability...
[2026-05-20 15:16]   Weeks: 18/05/2026, 25/05/2026, 01/06/2026, 08/06/2026
[2026-05-20 15:16]   1 available target slot(s) (before detail checks)
[2026-05-20 15:16]   Done — notified for 0 new slot(s).
[2026-05-20 15:26] Checking availability...
[2026-05-20 15:26]   Weeks: 18/05/2026, 25/05/2026, 01/06/2026, 08/06/2026
[2026-05-20 15:26]   0 available target slot(s) (before detail checks)
[2026-05-20 15:26]   Done — notified for 0 new slot(s).
[2026-05-20 15:36] Checking availability...
[2026-05-20 15:36]   Weeks: 18/05/2026, 25/05/2026, 01/06/2026, 08/06/2026
[2026-05-20 15:36]   0 available target slot(s) (before detail checks)
[2026-05-20 15:36]   Done — notified for 0 new slot(s).
[2026-05-20 18:12] Checking availability...
[2026-05-20 18:12]   Weeks: 18/05/2026, 25/05/2026, 01/06/2026, 08/06/2026
[2026-05-20 18:12]   1 available target slot(s) (before detail checks)
[2026-05-20 18:12]   Skip (wrong level): Train and Play Blue — Tuesday 11:00
[2026-05-20 18:12]   Done — notified for 0 new slot(s).
[2026-05-20 23:05] Checking availability...
[2026-05-20 23:05]   Weeks: 18/05/2026, 25/05/2026, 01/06/2026, 08/06/2026
[2026-05-20 23:05]   1 available target slot(s) (before detail checks)
[2026-05-20 23:05]   Skip (wrong level): Train and Play Blue — Tuesday 11:00
[2026-05-20 23:05]   Done — notified for 0 new slot(s).
[2026-05-20 23:15] Checking availability...
[2026-05-20 23:15]   Weeks: 18/05/2026, 25/05/2026, 01/06/2026, 08/06/2026
[2026-05-20 23:15]   1 available target slot(s) (before detail checks)
[2026-05-20 23:15]   Skip (wrong level): Train and Play Blue — Tuesday 11:00
[2026-05-20 23:15]   Done — notified for 0 new slot(s).
[2026-05-20 23:25] Checking availability...
[2026-05-20 23:25]   Weeks: 18/05/2026, 25/05/2026, 01/06/2026, 08/06/2026
[2026-05-20 23:25]   2 available target slot(s) (before detail checks)
[2026-05-20 23:25]   Skip (excluded instructor): Private Class — Friday 15:00
[2026-05-20 23:25]   Skip (wrong level): Train and Play Blue — Tuesday 11:00
[2026-05-20 23:25]   Done — notified for 0 new slot(s).
[2026-05-20 23:35] Checking availability...
[2026-05-20 23:35]   Weeks: 18/05/2026, 25/05/2026, 01/06/2026, 08/06/2026
[2026-05-20 23:35]   2 available target slot(s) (before detail checks)
[2026-05-20 23:35]   Skip (excluded instructor): Private Class — Friday 15:00
[2026-05-20 23:35]   Skip (wrong level): Train and Play Blue — Tuesday 11:00
[2026-05-20 23:35]   Done — notified for 0 new slot(s).
[2026-05-20 23:45] Checking availability...
[2026-05-20 23:45]   Weeks: 18/05/2026, 25/05/2026, 01/06/2026, 08/06/2026
[2026-05-20 23:45]   2 available target slot(s) (before detail checks)
[2026-05-20 23:45]   Skip (excluded instructor): Private Class — Friday 15:00
[2026-05-20 23:45]   Skip (wrong level): Train and Play Blue — Tuesday 11:00
[2026-05-20 23:45]   Done — notified for 0 new slot(s).
[2026-05-20 23:55] Checking availability...
[2026-05-20 23:55]   Weeks: 18/05/2026, 25/05/2026, 01/06/2026, 08/06/2026
[2026-05-20 23:55]   2 available target slot(s) (before detail checks)
[2026-05-20 23:55]   Skip (excluded instructor): Private Class — Friday 15:00
[2026-05-20 23:55]   Skip (wrong level): Train and Play Blue — Tuesday 11:00
[2026-05-20 23:55]   Done — notified for 0 new slot(s).
[2026-05-21 00:05] Checking availability...
[2026-05-21 00:05]   Weeks: 18/05/2026, 25/05/2026, 01/06/2026, 08/06/2026
[2026-05-21 00:05]   2 available target slot(s) (before detail checks)
[2026-05-21 00:05]   Skip (excluded instructor): Private Class — Friday 15:00
[2026-05-21 00:05]   Skip (wrong level): Train and Play Blue — Tuesday 11:00
[2026-05-21 00:05]   Done — notified for 0 new slot(s).
[2026-05-21 00:15] Checking availability...
[2026-05-21 00:15]   Weeks: 18/05/2026, 25/05/2026, 01/06/2026, 08/06/2026
[2026-05-21 00:15]   2 available target slot(s) (before detail checks)
[2026-05-21 00:15]   Skip (excluded instructor): Private Class — Friday 15:00
[2026-05-21 00:15]   Skip (wrong level): Train and Play Blue — Tuesday 11:00
[2026-05-21 00:15]   Done — notified for 0 new slot(s).
[2026-05-21 05:50] Checking availability...
[2026-05-21 05:50]   Weeks: 18/05/2026, 25/05/2026, 01/06/2026, 08/06/2026
[2026-05-21 05:50]   1 available target slot(s) (before detail checks)
[2026-05-21 05:50]   Skip (wrong level): Train and Play Blue — Tuesday 11:00
[2026-05-21 05:50]   Done — notified for 0 new slot(s).
[2026-05-21 09:37] Checking availability...
[2026-05-21 09:37]   Weeks: 18/05/2026, 25/05/2026, 01/06/2026, 08/06/2026
[2026-05-21 09:37]   3 available target slot(s) (before detail checks)
[2026-05-21 09:37]   Skip (wrong level): Train and Play Blue — Tuesday 11:00
[2026-05-21 09:37]   Skip (excluded instructor): Private Class — Tuesday 14:00
[2026-05-21 09:37]   Skip (excluded instructor): Private Class — Wednesday 14:00
[2026-05-21 09:37]   Done — notified for 0 new slot(s).
[2026-05-21 09:47] Checking availability...
[2026-05-21 09:47]   Weeks: 18/05/2026, 25/05/2026, 01/06/2026, 08/06/2026
[2026-05-21 09:47]   4 available target slot(s) (before detail checks)
[2026-05-21 09:47]   Skip (wrong level): Train and Play Blue — Tuesday 11:00
[2026-05-21 09:47]   Skip (excluded instructor): Private Class — Wednesday 11:00
[2026-05-21 09:47]   Skip (excluded instructor): Private Class — Tuesday 14:00
[2026-05-21 09:47]   Skip (excluded instructor): Private Class — Wednesday 16:00
[2026-05-21 09:47]   Done — notified for 0 new slot(s).
[2026-05-21 10:00] Checking availability...
[2026-05-21 10:00]   Weeks: 18/05/2026, 25/05/2026, 01/06/2026, 08/06/2026
[2026-05-21 10:00]   5 available target slot(s) (before detail checks)
[2026-05-21 10:00]   Skip (wrong level): Train and Play Blue — Tuesday 11:00
[2026-05-21 10:00]   Skip (excluded instructor): Private Class — Wednesday 11:00
[2026-05-21 10:00]   Skip (excluded instructor): Private Class — Tuesday 14:00
[2026-05-21 10:00]   Skip (excluded instructor): Private Class — Wednesday 16:00
[2026-05-21 10:00]   Skip (excluded instructor): Private Class — Thursday 16:00
[2026-05-21 10:00]   Done — notified for 0 new slot(s).
[2026-05-21 11:14] Checking availability...
[2026-05-21 11:14]   Weeks: 18/05/2026, 25/05/2026, 01/06/2026, 08/06/2026
[2026-05-21 11:14]   17 available target slot(s) (before detail checks)
[2026-05-21 11:14]   NOTIFY: Private Class — Fri 22 May, 16:00–17:00 (1 free)
[2026-05-21 11:14]   Skip (excluded instructor): Private Class — Wednesday 11:00
[2026-05-21 11:14]   Skip (excluded instructor): Private Class — Tuesday 14:00
[2026-05-21 11:14]   Skip (excluded instructor): Private Class — Friday 14:00
[2026-05-21 11:14]   Skip (excluded instructor): Private Class — Friday 15:00
[2026-05-21 11:14]   Skip (excluded instructor): Private Class — Wednesday 16:00
[2026-05-21 11:14]   Skip (excluded instructor): Private Class — Thursday 16:00
[2026-05-21 11:14]   Skip (excluded instructor): Private Class — Thursday 11:00
[2026-05-21 11:14]   Skip (excluded instructor): Private Class — Wednesday 12:00
[2026-05-21 11:14]   Skip (excluded instructor): Private Class — Thursday 12:00
[2026-05-21 11:15]   Detail page fetch failed for https://stratfordpadelclub.matchpoint.com.es/actbooking/info.aspx?bid=15671613ad: <urlopen error timed out>
[2026-05-21 11:15]   NOTIFY: Private Class — Wed 03 Jun, 14:00–15:00 (1 free)
[2026-05-21 11:15]   Skip (excluded instructor): Private Class — Tuesday 15:00
[2026-05-21 11:15]   Skip (excluded instructor): Private Class — Wednesday 15:00
[2026-05-21 11:15]   Skip (excluded instructor): Private Class — Thursday 17:00
[2026-05-21 11:15]   Skip (excluded instructor): Private Class — Wednesday 10:30
[2026-05-21 11:15]   Skip (excluded instructor): Private Class — Wednesday 11:30
[2026-05-21 11:15]   Skip (excluded instructor): Private Class — Thursday 13:00
[2026-05-21 11:15]   Done — notified for 2 new slot(s).
[2026-05-21 11:42] Checking availability...
[2026-05-21 11:42]   Weeks: 18/05/2026, 25/05/2026, 01/06/2026, 08/06/2026
[2026-05-21 11:42]   14 available target slot(s) (before detail checks)
[2026-05-21 11:42]   Skip (excluded instructor): Private Class — Tuesday 14:00
[2026-05-21 11:42]   Skip (excluded instructor): Private Class — Friday 14:00
[2026-05-21 11:42]   Skip (excluded instructor): Private Class — Friday 15:00
[2026-05-21 11:42]   Skip (excluded instructor): Private Class — Thursday 16:00
[2026-05-21 11:42]   Skip (excluded instructor): Private Class — Thursday 11:00
[2026-05-21 11:42]   Skip (excluded instructor): Private Class — Wednesday 12:00
[2026-05-21 11:42]   Skip (excluded instructor): Private Class — Thursday 12:00
[2026-05-21 11:42]   Skip (excluded instructor): Private Class — Tuesday 15:00
[2026-05-21 11:42]   Skip (excluded instructor): Private Class — Wednesday 15:00
[2026-05-21 11:42]   Skip (excluded instructor): Private Class — Thursday 17:00
[2026-05-21 11:42]   Skip (excluded instructor): Private Class — Wednesday 10:30
[2026-05-21 11:42]   Skip (excluded instructor): Private Class — Wednesday 11:30
[2026-05-21 11:42]   Skip (excluded instructor): Private Class — Thursday 13:00
[2026-05-21 11:42]   Done — notified for 0 new slot(s).
[2026-05-21 11:52] Checking availability...
[2026-05-21 11:52]   Weeks: 18/05/2026, 25/05/2026, 01/06/2026, 08/06/2026
[2026-05-21 11:52]   14 available target slot(s) (before detail checks)
[2026-05-21 11:52]   Skip (excluded instructor): Private Class — Tuesday 14:00
[2026-05-21 11:52]   Skip (excluded instructor): Private Class — Friday 14:00
[2026-05-21 11:52]   Skip (excluded instructor): Private Class — Friday 15:00
[2026-05-21 11:52]   Skip (excluded instructor): Private Class — Thursday 16:00
[2026-05-21 11:52]   Skip (excluded instructor): Private Class — Thursday 11:00
[2026-05-21 11:52]   Skip (excluded instructor): Private Class — Wednesday 12:00
[2026-05-21 11:52]   Skip (excluded instructor): Private Class — Thursday 12:00
[2026-05-21 11:52]   Skip (excluded instructor): Private Class — Tuesday 15:00
[2026-05-21 11:52]   Skip (excluded instructor): Private Class — Wednesday 15:00
[2026-05-21 11:52]   Skip (excluded instructor): Private Class — Thursday 17:00
[2026-05-21 11:52]   Skip (excluded instructor): Private Class — Wednesday 10:30
[2026-05-21 11:52]   Skip (excluded instructor): Private Class — Wednesday 11:30
[2026-05-21 11:52]   Skip (excluded instructor): Private Class — Thursday 13:00
[2026-05-21 11:52]   Done — notified for 0 new slot(s).
[2026-05-21 14:14] Checking availability...
[2026-05-21 14:14]   Weeks: 18/05/2026, 25/05/2026, 01/06/2026, 08/06/2026
[2026-05-21 14:14]   15 available target slot(s) (before detail checks)
[2026-05-21 14:14]   NOTIFY: Private Class — Sun 24 May, 14:00–15:00 (1 free)
[2026-05-21 14:14]   Skip (excluded instructor): Private Class — Tuesday 14:00
[2026-05-21 14:14]   Skip (excluded instructor): Private Class — Friday 14:00
[2026-05-21 14:14]   Skip (excluded instructor): Private Class — Friday 15:00
[2026-05-21 14:14]   Skip (excluded instructor): Private Class — Thursday 16:00
[2026-05-21 14:14]   Skip (excluded instructor): Private Class — Thursday 11:00
[2026-05-21 14:14]   Skip (excluded instructor): Private Class — Wednesday 12:00
[2026-05-21 14:14]   Skip (excluded instructor): Private Class — Thursday 12:00
[2026-05-21 14:14]   Skip (excluded instructor): Private Class — Tuesday 15:00
[2026-05-21 14:14]   Skip (excluded instructor): Private Class — Wednesday 15:00
[2026-05-21 14:14]   Skip (excluded instructor): Private Class — Thursday 17:00
[2026-05-21 14:14]   Skip (excluded instructor): Private Class — Wednesday 10:30
[2026-05-21 14:14]   Skip (excluded instructor): Private Class — Wednesday 11:30
[2026-05-21 14:14]   Skip (excluded instructor): Private Class — Thursday 13:00
[2026-05-21 14:14]   Done — notified for 1 new slot(s).
[2026-05-21 14:24] Checking availability...
[2026-05-21 14:24]   Weeks: 18/05/2026, 25/05/2026, 01/06/2026, 08/06/2026
[2026-05-21 14:24]   15 available target slot(s) (before detail checks)
[2026-05-21 14:24]   Skip (excluded instructor): Private Class — Tuesday 14:00
[2026-05-21 14:24]   Skip (excluded instructor): Private Class — Friday 14:00
[2026-05-21 14:24]   Skip (excluded instructor): Private Class — Friday 15:00
[2026-05-21 14:24]   Skip (excluded instructor): Private Class — Thursday 16:00
[2026-05-21 14:24]   Skip (excluded instructor): Private Class — Thursday 11:00
[2026-05-21 14:24]   Skip (excluded instructor): Private Class — Wednesday 12:00
[2026-05-21 14:24]   Skip (excluded instructor): Private Class — Thursday 12:00
[2026-05-21 14:24]   Skip (excluded instructor): Private Class — Tuesday 15:00
[2026-05-21 14:24]   Skip (excluded instructor): Private Class — Wednesday 15:00
[2026-05-21 14:24]   Skip (excluded instructor): Private Class — Thursday 17:00
[2026-05-21 14:24]   Skip (excluded instructor): Private Class — Wednesday 10:30
[2026-05-21 14:24]   Skip (excluded instructor): Private Class — Wednesday 11:30
[2026-05-21 14:24]   Skip (excluded instructor): Private Class — Thursday 13:00
[2026-05-21 14:24]   Done — notified for 0 new slot(s).
[2026-05-21 14:37] Checking availability...
[2026-05-21 14:37]   Weeks: 18/05/2026, 25/05/2026, 01/06/2026, 08/06/2026
[2026-05-21 14:37]   15 available target slot(s) (before detail checks)
[2026-05-21 14:37]   Skip (excluded instructor): Private Class — Tuesday 14:00
[2026-05-21 14:37]   Skip (excluded instructor): Private Class — Friday 14:00
[2026-05-21 14:37]   Skip (excluded instructor): Private Class — Friday 15:00
[2026-05-21 14:37]   Skip (excluded instructor): Private Class — Thursday 16:00
[2026-05-21 14:37]   Skip (excluded instructor): Private Class — Thursday 11:00
[2026-05-21 14:37]   Skip (excluded instructor): Private Class — Wednesday 12:00
[2026-05-21 14:37]   Skip (excluded instructor): Private Class — Thursday 12:00
[2026-05-21 14:37]   Skip (excluded instructor): Private Class — Tuesday 15:00
[2026-05-21 14:37]   Skip (excluded instructor): Private Class — Wednesday 15:00
[2026-05-21 14:37]   Skip (excluded instructor): Private Class — Thursday 17:00
[2026-05-21 14:37]   Skip (excluded instructor): Private Class — Wednesday 10:30
[2026-05-21 14:37]   Skip (excluded instructor): Private Class — Wednesday 11:30
[2026-05-21 14:37]   Skip (excluded instructor): Private Class — Thursday 13:00
[2026-05-21 14:37]   Done — notified for 0 new slot(s).
[2026-05-21 15:06] Checking availability...
[2026-05-21 15:06]   Weeks: 18/05/2026, 25/05/2026, 01/06/2026, 08/06/2026
[2026-05-21 15:06]   15 available target slot(s) (before detail checks)
[2026-05-21 15:06]   Skip (excluded instructor): Private Class — Tuesday 14:00
[2026-05-21 15:06]   Skip (excluded instructor): Private Class — Friday 14:00
[2026-05-21 15:06]   Skip (excluded instructor): Private Class — Friday 15:00
[2026-05-21 15:06]   Skip (excluded instructor): Private Class — Thursday 16:00
[2026-05-21 15:06]   Skip (excluded instructor): Private Class — Thursday 11:00
[2026-05-21 15:06]   Skip (excluded instructor): Private Class — Wednesday 12:00
[2026-05-21 15:06]   Skip (excluded instructor): Private Class — Thursday 12:00
[2026-05-21 15:06]   Skip (excluded instructor): Private Class — Tuesday 15:00
[2026-05-21 15:06]   Skip (excluded instructor): Private Class — Wednesday 15:00
[2026-05-21 15:06]   Skip (excluded instructor): Private Class — Thursday 17:00
[2026-05-21 15:06]   Skip (excluded instructor): Private Class — Wednesday 10:30
[2026-05-21 15:06]   Skip (excluded instructor): Private Class — Wednesday 11:30
[2026-05-21 15:06]   Skip (excluded instructor): Private Class — Thursday 13:00
[2026-05-21 15:06]   Done — notified for 0 new slot(s).
[2026-05-21 15:16] Checking availability...
[2026-05-21 15:16]   Weeks: 18/05/2026, 25/05/2026, 01/06/2026, 08/06/2026
[2026-05-21 15:16]   15 available target slot(s) (before detail checks)
[2026-05-21 15:16]   Skip (excluded instructor): Private Class — Tuesday 14:00
[2026-05-21 15:16]   Skip (excluded instructor): Private Class — Friday 14:00
[2026-05-21 15:16]   Skip (excluded instructor): Private Class — Friday 15:00
[2026-05-21 15:16]   Skip (excluded instructor): Private Class — Thursday 16:00
[2026-05-21 15:16]   Skip (excluded instructor): Private Class — Thursday 11:00
[2026-05-21 15:16]   Skip (excluded instructor): Private Class — Wednesday 12:00
[2026-05-21 15:16]   Skip (excluded instructor): Private Class — Thursday 12:00
[2026-05-21 15:16]   Skip (excluded instructor): Private Class — Tuesday 15:00
[2026-05-21 15:16]   Skip (excluded instructor): Private Class — Wednesday 15:00
[2026-05-21 15:16]   Skip (excluded instructor): Private Class — Thursday 17:00
[2026-05-21 15:16]   Skip (excluded instructor): Private Class — Wednesday 10:30
[2026-05-21 15:16]   Skip (excluded instructor): Private Class — Wednesday 11:30
[2026-05-21 15:16]   Skip (excluded instructor): Private Class — Thursday 13:00
[2026-05-21 15:16]   Done — notified for 0 new slot(s).
[2026-05-21 16:35] Checking availability...
[2026-05-21 16:35]   Weeks: 18/05/2026, 25/05/2026, 01/06/2026, 08/06/2026
[2026-05-21 16:35]   14 available target slot(s) (before detail checks)
[2026-05-21 16:35]   Skip (excluded instructor): Private Class — Tuesday 14:00
[2026-05-21 16:35]   Skip (excluded instructor): Private Class — Friday 14:00
[2026-05-21 16:35]   Skip (excluded instructor): Private Class — Friday 15:00
[2026-05-21 16:35]   Skip (excluded instructor): Private Class — Thursday 16:00
[2026-05-21 16:35]   Skip (excluded instructor): Private Class — Thursday 11:00
[2026-05-21 16:35]   Skip (excluded instructor): Private Class — Wednesday 12:00
[2026-05-21 16:35]   Skip (excluded instructor): Private Class — Thursday 12:00
[2026-05-21 16:35]   Skip (excluded instructor): Private Class — Tuesday 15:00
[2026-05-21 16:35]   Skip (excluded instructor): Private Class — Wednesday 15:00
[2026-05-21 16:35]   Skip (excluded instructor): Private Class — Thursday 17:00
[2026-05-21 16:35]   Skip (excluded instructor): Private Class — Wednesday 11:30
[2026-05-21 16:35]   Skip (excluded instructor): Private Class — Thursday 13:00
[2026-05-21 16:35]   Done — notified for 0 new slot(s).
[2026-05-21 16:45] Checking availability...
[2026-05-21 16:45]   Weeks: 18/05/2026, 25/05/2026, 01/06/2026, 08/06/2026
[2026-05-21 16:45]   14 available target slot(s) (before detail checks)
[2026-05-21 16:45]   Skip (excluded instructor): Private Class — Tuesday 14:00
[2026-05-21 16:45]   Skip (excluded instructor): Private Class — Friday 14:00
[2026-05-21 16:45]   Skip (excluded instructor): Private Class — Friday 15:00
[2026-05-21 16:45]   Skip (excluded instructor): Private Class — Thursday 16:00
[2026-05-21 16:45]   Skip (excluded instructor): Private Class — Thursday 11:00
[2026-05-21 16:45]   Skip (excluded instructor): Private Class — Wednesday 12:00
[2026-05-21 16:45]   Skip (excluded instructor): Private Class — Thursday 12:00
[2026-05-21 16:45]   Skip (excluded instructor): Private Class — Tuesday 15:00
[2026-05-21 16:45]   Skip (excluded instructor): Private Class — Wednesday 15:00
[2026-05-21 16:45]   Skip (excluded instructor): Private Class — Thursday 17:00
[2026-05-21 16:45]   Skip (excluded instructor): Private Class — Wednesday 11:30
[2026-05-21 16:45]   Skip (excluded instructor): Private Class — Thursday 13:00
[2026-05-21 16:45]   Done — notified for 0 new slot(s).
[2026-05-21 17:16] Checking availability...
[2026-05-21 17:16]   Weeks: 18/05/2026, 25/05/2026, 01/06/2026, 08/06/2026
[2026-05-21 17:16]   16 available target slot(s) (before detail checks)
[2026-05-21 17:16]   Skip (excluded instructor): Private Class — Tuesday 14:00
[2026-05-21 17:16]   Skip (excluded instructor): Private Class — Friday 14:00
[2026-05-21 17:16]   Skip (excluded instructor): Private Class — Friday 15:00
[2026-05-21 17:16]   Skip (excluded instructor): Private Class — Thursday 16:00
[2026-05-21 17:16]   Skip (excluded instructor): Private Class — Thursday 11:00
[2026-05-21 17:16]   Skip (excluded instructor): Private Class — Wednesday 12:00
[2026-05-21 17:16]   Skip (excluded instructor): Private Class — Thursday 12:00
[2026-05-21 17:16]   Skip (excluded instructor): Private Class — Tuesday 15:00
[2026-05-21 17:16]   Skip (excluded instructor): Private Class — Wednesday 15:00
[2026-05-21 17:16]   Skip (excluded instructor): Private Class — Thursday 17:00
[2026-05-21 17:16]   Skip (wrong level): Train and Play Blue — Friday 17:00
[2026-05-21 17:16]   Skip (excluded instructor): Private Class — Friday 17:30
[2026-05-21 17:16]   Skip (excluded instructor): Private Class — Wednesday 11:30
[2026-05-21 17:16]   Skip (excluded instructor): Private Class — Thursday 13:00
[2026-05-21 17:16]   Done — notified for 0 new slot(s).
[2026-05-21 17:22] Checking availability...
[2026-05-21 17:22]   Weeks: 18/05/2026, 25/05/2026, 01/06/2026, 08/06/2026
[2026-05-21 17:22]   16 available target slot(s) (before detail checks)
[2026-05-21 17:22]   Skip (wrong level): Train and Play Blue — Friday 17:00
[2026-05-21 17:22]   Checking court hire availability...
[2026-05-21 17:22]   Court grid fetch failed (idCuadro=2, 2026-06-08): <urlopen error timed out>
[2026-05-21 17:23]   Court grid fetch failed (idCuadro=6, 2026-06-17): <urlopen error timed out>
[2026-05-21 17:23]   Done — notified for 0 new activity slot(s), 0 new court slot(s).
[2026-05-21 17:26] Checking availability...
[2026-05-21 17:26]   Weeks: 18/05/2026, 25/05/2026, 01/06/2026, 08/06/2026
[2026-05-21 17:26]   17 available target slot(s) (before detail checks)
[2026-05-21 17:26]   Skip (wrong level): Train and Play Blue — Friday 17:00
[2026-05-21 17:26]   Checking court hire availability...
[2026-05-21 17:26]   Court grid fetch failed (idCuadro=1, 2026-05-31): <urlopen error timed out>
[2026-05-21 17:27]   Court grid fetch failed (idCuadro=6, 2026-06-12): <urlopen error timed out>
[2026-05-21 17:27]   Court grid fetch failed (idCuadro=7, 2026-06-14): <urlopen error timed out>
[2026-05-21 17:27]   Done — notified for 0 new activity slot(s), 0 new court slot(s).
[2026-05-21 17:37] Checking availability...
[2026-05-21 17:37]   Weeks: 18/05/2026, 25/05/2026, 01/06/2026, 08/06/2026
[2026-05-21 17:37]   17 available target slot(s) (before detail checks)
[2026-05-21 17:37]   Skip (wrong level): Train and Play Blue — Friday 17:00
[2026-05-21 17:37]   Checking court hire availability...
[2026-05-21 17:37]   Court grid fetch failed (idCuadro=5, 2026-06-11): <urlopen error timed out>
[2026-05-21 17:38]   Court grid fetch failed (idCuadro=3, 2026-06-14): <urlopen error timed out>
[2026-05-21 17:38]   Done — notified for 0 new activity slot(s), 0 new court slot(s).
[2026-05-21 17:42] Checking availability...
[2026-05-21 17:42]   Weeks: 18/05/2026, 25/05/2026, 01/06/2026, 08/06/2026
[2026-05-21 17:42]   17 available target slot(s) (before detail checks)
[2026-05-21 17:42]   Skip (wrong level): Train and Play Blue — Friday 17:00
[2026-05-21 17:42]   Checking court hire availability...
[2026-05-21 17:42]   Done — notified for 0 new activity slot(s), 0 new court slot(s).
[2026-05-21 17:43] Checking availability...
[2026-05-21 17:43]   Weeks: 18/05/2026, 25/05/2026, 01/06/2026, 08/06/2026
[2026-05-21 17:43]   17 available target slot(s) (before detail checks)
[2026-05-21 17:43]   Skip (wrong level): Train and Play Blue — Friday 17:00
[2026-05-21 17:43]   Checking court hire availability...
[2026-05-21 17:43]   Done — notified for 0 new activity slot(s), 0 new court slot(s).
[2026-05-21 17:45] Checking availability...
[2026-05-21 17:45]   Weeks: 18/05/2026, 25/05/2026, 01/06/2026, 08/06/2026
[2026-05-21 17:45]   17 available target slot(s) (before detail checks)
[2026-05-21 17:45]   Skip (wrong level): Train and Play Blue — Friday 17:00
[2026-05-21 17:45]   Checking court hire availability...
[2026-05-21 17:45]   NOTIFY (court): Court 2: Joma Padel — Fri 22 May, 19:30–21:00 (90 min)
[2026-05-21 17:45]   NOTIFY (court): Court 2: Joma Padel — Fri 22 May, 22:00–23:00 (60 min)
[2026-05-21 17:45]   NOTIFY (court): Court 2: Joma Padel — Fri 29 May, 22:00–23:00 (60 min)
[2026-05-21 17:45]   NOTIFY (court): Court 2: Joma Padel — Sat 30 May, 21:30–23:00 (90 min)
[2026-05-21 17:45]   NOTIFY (court): Court 4 — Sat 30 May, 21:30–23:00 (90 min)
[2026-05-21 17:45]   NOTIFY (court): Court 9: Roofed Outdoor — Sat 30 May, 21:00–22:30 (90 min)
[2026-05-21 17:45]   NOTIFY (court): Court 7 — Sat 30 May, 21:30–23:00 (90 min)
[2026-05-21 17:45]   NOTIFY (court): Court 8: Showcourt — Sun 31 May, 20:30–22:00 (90 min)
[2026-05-21 17:45]   NOTIFY (court): Court 1 — Tue 02 Jun, 22:00–23:00 (60 min)
[2026-05-21 17:45]   NOTIFY (court): Court 6: Estrella Damm — Wed 03 Jun, 22:00–23:00 (60 min)
[2026-05-21 17:45]   NOTIFY (court): Court 8: Showcourt — Wed 03 Jun, 22:00–23:00 (60 min)
[2026-05-21 17:45]   NOTIFY (court): Court 1 — Fri 05 Jun, 22:00–23:00 (60 min)
[2026-05-21 17:45]   NOTIFY (court): Court 8: Showcourt — Fri 05 Jun, 18:30–20:00 (90 min)
[2026-05-21 17:45]   NOTIFY (court): Court 9: Roofed Outdoor — Sat 06 Jun, 21:00–22:30 (90 min)
[2026-05-21 17:45]   NOTIFY (court): Court 7 — Sat 06 Jun, 20:00–21:30 (90 min)
[2026-05-21 17:45]   NOTIFY (court): Court 8: Showcourt — Sat 06 Jun, 20:00–21:30 (90 min)
[2026-05-21 17:45]   NOTIFY (court): Court 2: Joma Padel — Sun 07 Jun, 20:30–22:00 (90 min)
[2026-05-21 17:45]   NOTIFY (court): Court 4 — Sun 07 Jun, 19:30–20:30 (60 min)
[2026-05-21 17:45]   NOTIFY (court): Court 1 — Sun 07 Jun, 18:00–19:00 (60 min)
[2026-05-21 17:45]   NOTIFY (court): Court 6: Estrella Damm — Sun 07 Jun, 18:30–19:30 (60 min)
[2026-05-21 17:45]   NOTIFY (court): Court 8: Showcourt — Sun 07 Jun, 20:30–22:00 (90 min)
[2026-05-21 17:45]   NOTIFY (court): Court 8: Showcourt — Tue 09 Jun, 22:00–23:00 (60 min)
[2026-05-21 17:45]   NOTIFY (court): Court 3: Terra Rossa — Wed 10 Jun, 21:30–23:00 (90 min)
[2026-05-21 17:45]   NOTIFY (court): Court 1 — Wed 10 Jun, 21:30–23:00 (90 min)
[2026-05-21 17:45]   NOTIFY (court): Court 8: Showcourt — Wed 10 Jun, 21:30–23:00 (90 min)
[2026-05-21 17:45]   NOTIFY (court): Court 9: Roofed Outdoor — Fri 12 Jun, 18:00–19:00 (60 min)
[2026-05-21 17:45]   NOTIFY (court): Court 9: Roofed Outdoor — Sat 13 Jun, 21:00–22:30 (90 min)
[2026-05-21 17:45]   NOTIFY (court): Court 1 — Sun 14 Jun, 20:30–22:00 (90 min)
[2026-05-21 17:45]   NOTIFY (court): Court 8: Showcourt — Sun 14 Jun, 18:00–19:00 (60 min)
[2026-05-21 17:45]   NOTIFY (court): Court 6: Estrella Damm — Wed 17 Jun, 21:00–23:00 (120 min)
[2026-05-21 17:45]   NOTIFY (court): Court 8: Showcourt — Wed 17 Jun, 21:30–23:00 (90 min)
[2026-05-21 17:45]   NOTIFY (court): Court 3: Terra Rossa — Thu 18 Jun, 21:30–23:00 (90 min)
[2026-05-21 17:45]   Done — notified for 0 new activity slot(s), 32 new court slot(s).
[2026-05-21 17:46] Checking availability...
[2026-05-21 17:46]   Weeks: 18/05/2026, 25/05/2026, 01/06/2026, 08/06/2026
[2026-05-21 17:46]   17 available target slot(s) (before detail checks)
[2026-05-21 17:46]   Skip (wrong level): Train and Play Blue — Friday 17:00
[2026-05-21 17:46]   Checking court hire availability...
[2026-05-21 17:46]   Done — notified for 0 new activity slot(s), 0 new court slot(s).
[2026-05-21 17:48] Checking availability...
[2026-05-21 17:48]   Weeks: 18/05/2026, 25/05/2026, 01/06/2026, 08/06/2026
[2026-05-21 17:48]   17 available target slot(s) (before detail checks)
[2026-05-21 17:48]   Skip (wrong level): Train and Play Blue — Friday 17:00
[2026-05-21 17:48]   Checking court hire availability...
[2026-05-21 17:48]   Done — notified for 0 new activity slot(s), 0 new court slot(s).
[2026-05-21 17:48] Checking availability...
[2026-05-21 17:48]   Weeks: 18/05/2026, 25/05/2026, 01/06/2026, 08/06/2026
[2026-05-21 17:48]   17 available target slot(s) (before detail checks)
[2026-05-21 17:48]   Skip (wrong level): Train and Play Blue — Friday 17:00
[2026-05-21 17:48]   Checking court hire availability...
[2026-05-21 17:48]   Done — notified for 0 new activity slot(s), 0 new court slot(s).
[2026-05-21 17:48] Checking availability...
[2026-05-21 17:48]   Weeks: 18/05/2026, 25/05/2026, 01/06/2026, 08/06/2026
[2026-05-21 17:48]   17 available target slot(s) (before detail checks)
[2026-05-21 17:48]   Skip (wrong level): Train and Play Blue — Friday 17:00
[2026-05-21 17:48]   Checking court hire availability...
[2026-05-21 17:49]   Done — notified for 0 new activity slot(s), 0 new court slot(s).
[2026-05-21 18:16] Checking availability...
[2026-05-21 18:16]   Weeks: 18/05/2026, 25/05/2026, 01/06/2026, 08/06/2026
[2026-05-21 18:16]   17 available target slot(s) (before detail checks)
[2026-05-21 18:16]   Skip (wrong level): Train and Play Blue — Friday 17:00
[2026-05-21 18:16]   Checking court hire availability...
[2026-05-21 18:16]   Done — notified for 0 new activity slot(s), 0 new court slot(s).
[2026-05-21 18:26] Checking availability...
[2026-05-21 18:26]   Weeks: 18/05/2026, 25/05/2026, 01/06/2026, 08/06/2026
[2026-05-21 18:26]   16 available target slot(s) (before detail checks)
[2026-05-21 18:26]   Skip (wrong level): Train and Play Blue — Friday 17:00
[2026-05-21 18:26]   Checking court hire availability...
[2026-05-21 18:26]   Done — notified for 0 new activity slot(s), 0 new court slot(s).
[2026-05-21 18:54] Checking availability...
[2026-05-21 18:54]   Weeks: 18/05/2026, 25/05/2026, 01/06/2026, 08/06/2026
[2026-05-21 18:54]   16 available target slot(s) (before detail checks)
[2026-05-21 18:54]   Skip (wrong level): Train and Play Blue — Friday 17:00
[2026-05-21 18:54]   Checking court hire availability...
[2026-05-21 18:54]   Done — notified for 0 new activity slot(s), 0 new court slot(s).
[2026-05-21 19:00] Checking availability...
[2026-05-21 19:00]   Weeks: 18/05/2026, 25/05/2026, 01/06/2026, 08/06/2026
[2026-05-21 19:00]   16 available target slot(s) (before detail checks)
[2026-05-21 19:00]   Skip (wrong level): Train and Play Blue — Friday 17:00
[2026-05-21 19:00]   Checking court hire availability...
[2026-05-21 19:00]   NOTIFY (court): Court 2: Joma Padel — Fri 22 May, 19:30–21:00 (90 min)
[2026-05-21 19:00]   NOTIFY (court): Court 9: Roofed Outdoor — Sat 30 May, 21:00–22:30 (90 min)
[2026-05-21 19:00]   NOTIFY (court): Court 8: Showcourt — Sun 31 May, 20:30–22:00 (90 min)
[2026-05-21 19:00]   NOTIFY (court): Court 8: Showcourt — Fri 05 Jun, 18:30–20:00 (90 min)
[2026-05-21 19:00]   NOTIFY (court): Court 9: Roofed Outdoor — Sat 06 Jun, 21:00–22:30 (90 min)
[2026-05-21 19:00]   NOTIFY (court): Court 7 — Sat 06 Jun, 20:00–21:30 (90 min)
[2026-05-21 19:00]   NOTIFY (court): Court 8: Showcourt — Sat 06 Jun, 20:00–21:30 (90 min)
[2026-05-21 19:00]   NOTIFY (court): Court 2: Joma Padel — Sun 07 Jun, 20:30–22:00 (90 min)
[2026-05-21 19:00]   NOTIFY (court): Court 4 — Sun 07 Jun, 19:30–20:30 (60 min)
[2026-05-21 19:00]   NOTIFY (court): Court 1 — Sun 07 Jun, 18:00–19:00 (60 min)
[2026-05-21 19:00]   NOTIFY (court): Court 6: Estrella Damm — Sun 07 Jun, 18:30–19:30 (60 min)
[2026-05-21 19:00]   NOTIFY (court): Court 8: Showcourt — Sun 07 Jun, 20:30–22:00 (90 min)
[2026-05-21 19:00]   NOTIFY (court): Court 9: Roofed Outdoor — Fri 12 Jun, 18:00–19:00 (60 min)
[2026-05-21 19:00]   NOTIFY (court): Court 9: Roofed Outdoor — Sat 13 Jun, 21:00–22:30 (90 min)
[2026-05-21 19:00]   NOTIFY (court): Court 1 — Sun 14 Jun, 20:30–22:00 (90 min)
[2026-05-21 19:00]   NOTIFY (court): Court 8: Showcourt — Sun 14 Jun, 18:00–19:00 (60 min)
[2026-05-21 19:00]   NOTIFY (court): Court 6: Estrella Damm — Wed 17 Jun, 21:00–23:00 (120 min)
[2026-05-21 19:00]   Done — notified for 0 new activity slot(s), 17 new court slot(s).
[2026-05-21 19:04] Checking availability...
[2026-05-21 19:04]   Weeks: 18/05/2026, 25/05/2026, 01/06/2026, 08/06/2026, 15/06/2026, 22/06/2026
[2026-05-21 19:04]   18 available target slot(s) (before detail checks)
[2026-05-21 19:04]   Skip (wrong level): Train and Play Blue — Friday 17:00
[2026-05-21 19:04]   Skip (wrong level): Train and Play Blue — Tuesday 11:00
[2026-05-21 19:04]   Checking court hire availability...
[2026-05-21 19:04]   NOTIFY (court): Court 4 — Sun 21 Jun, 21:00–22:00 (60 min)
[2026-05-21 19:04]   NOTIFY (court): Court 1 — Sun 21 Jun, 20:30–22:00 (90 min)
[2026-05-21 19:04]   NOTIFY (court): Court 9: Roofed Outdoor — Sun 21 Jun, 18:00–20:00 (120 min)
[2026-05-21 19:04]   NOTIFY (court): Court 9: Roofed Outdoor — Wed 24 Jun, 21:00–22:30 (90 min)
[2026-05-21 19:04]   NOTIFY (court): Court 9: Roofed Outdoor — Sat 27 Jun, 21:00–22:30 (90 min)
[2026-05-21 19:04]   NOTIFY (court): Court 2: Joma Padel — Sun 28 Jun, 19:30–20:30 (60 min)
[2026-05-21 19:04]   NOTIFY (court): Court 3: Terra Rossa — Sun 28 Jun, 20:00–22:00 (120 min)
[2026-05-21 19:04]   NOTIFY (court): Court 4 — Sun 28 Jun, 19:30–20:30 (60 min)
[2026-05-21 19:04]   NOTIFY (court): Court 9: Roofed Outdoor — Sun 28 Jun, 18:00–20:00 (120 min)
[2026-05-21 19:04]   NOTIFY (court): Court 5 — Sun 28 Jun, 18:00–22:00 (240 min)
[2026-05-21 19:04]   NOTIFY (court): Court 6: Estrella Damm — Sun 28 Jun, 18:00–19:00 (60 min)
[2026-05-21 19:04]   NOTIFY (court): Court 7 — Sun 28 Jun, 18:00–19:00 (60 min)
[2026-05-21 19:04]   NOTIFY (court): Court 8: Showcourt — Sun 28 Jun, 19:30–22:00 (150 min)
[2026-05-21 19:04]   NOTIFY (court): Court 9: Roofed Outdoor — Mon 29 Jun, 21:00–22:30 (90 min)
[2026-05-21 19:04]   NOTIFY (court): Court 5 — Mon 29 Jun, 19:00–20:00 (60 min)
[2026-05-21 19:04]   NOTIFY (court): Court 6: Estrella Damm — Mon 29 Jun, 20:00–21:30 (90 min)
[2026-05-21 19:04]   NOTIFY (court): Court 1 — Tue 30 Jun, 20:30–21:30 (60 min)
[2026-05-21 19:04]   NOTIFY (court): Court 9: Roofed Outdoor — Tue 30 Jun, 21:00–22:30 (90 min)
[2026-05-21 19:04]   NOTIFY (court): Court 2: Joma Padel — Wed 01 Jul, 20:30–21:30 (60 min)
[2026-05-21 19:04]   NOTIFY (court): Court 3: Terra Rossa — Wed 01 Jul, 20:30–23:00 (150 min)
[2026-05-21 19:04]   NOTIFY (court): Court 4 — Wed 01 Jul, 20:30–21:30 (60 min)
[2026-05-21 19:04]   NOTIFY (court): Court 9: Roofed Outdoor — Wed 01 Jul, 21:00–22:30 (90 min)
[2026-05-21 19:04]   NOTIFY (court): Court 5 — Wed 01 Jul, 20:30–21:30 (60 min)
[2026-05-21 19:04]   NOTIFY (court): Court 6: Estrella Damm — Wed 01 Jul, 20:30–23:00 (150 min)
[2026-05-21 19:04]   NOTIFY (court): Court 7 — Wed 01 Jul, 20:30–21:30 (60 min)
[2026-05-21 19:04]   NOTIFY (court): Court 8: Showcourt — Wed 01 Jul, 20:30–23:00 (150 min)
[2026-05-21 19:04]   Done — notified for 0 new activity slot(s), 26 new court slot(s).
[2026-05-21 19:10] Checking availability...
[2026-05-21 19:10]   Weeks: 18/05/2026, 25/05/2026, 01/06/2026, 08/06/2026, 15/06/2026, 22/06/2026
[2026-05-21 19:10]   17 available target slot(s) (before detail checks)
[2026-05-21 19:10]   Skip (wrong level): Train and Play Blue — Friday 17:00
[2026-05-21 19:10]   Skip (wrong level): Train and Play Blue — Tuesday 11:00
[2026-05-21 19:10]   Checking court hire availability...
[2026-05-21 19:10]   Done — notified for 0 new activity slot(s), 0 new court slot(s).
[2026-05-21 19:15] Checking availability...
[2026-05-21 19:15]   Weeks: 18/05/2026, 25/05/2026, 01/06/2026, 08/06/2026, 15/06/2026, 22/06/2026
[2026-05-21 19:15]   17 available target slot(s) (before detail checks)
[2026-05-21 19:15]   Skip (wrong level): Train and Play Blue — Friday 17:00
[2026-05-21 19:15]   Skip (wrong level): Train and Play Blue — Tuesday 11:00
[2026-05-21 19:15]   Checking court hire availability...
[2026-05-21 19:15]   Done — notified for 0 new activity slot(s), 0 new court slot(s).
[2026-05-21 23:19] Checking availability...
[2026-05-21 23:19]   Weeks: 18/05/2026, 25/05/2026, 01/06/2026, 08/06/2026, 15/06/2026, 22/06/2026
[2026-05-21 23:19]   14 available target slot(s) (before detail checks)
[2026-05-21 23:19]   Skip (wrong level): Train and Play Blue — Tuesday 11:00
[2026-05-21 23:19]   Checking court hire availability...
[2026-05-21 23:19]   NOTIFY (court): Court 8: Showcourt — Sun 24 May, 20:30–22:00 (90 min)
[2026-05-21 23:19]   NOTIFY (court): Court 9: Roofed Outdoor — Tue 26 May, 21:00–22:30 (90 min)
[2026-05-21 23:19]   Done — notified for 0 new activity slot(s), 2 new court slot(s).
[2026-05-21 23:58] Checking availability...
[2026-05-21 23:58]   Weeks: 18/05/2026, 25/05/2026, 01/06/2026, 08/06/2026, 15/06/2026, 22/06/2026
[2026-05-21 23:58]   13 available target slot(s) (before detail checks)
[2026-05-21 23:58]   Skip (wrong level): Train and Play Blue — Tuesday 11:00
[2026-05-21 23:58]   Checking court hire availability...
[2026-05-21 23:58]   Done — notified for 0 new activity slot(s), 0 new court slot(s).
[2026-05-22 00:50] Checking availability...
[2026-05-22 00:50]   Weeks: 18/05/2026, 25/05/2026, 01/06/2026, 08/06/2026, 15/06/2026, 22/06/2026
[2026-05-22 00:50]   13 available target slot(s) (before detail checks)
[2026-05-22 00:50]   Skip (wrong level): Train and Play Blue — Tuesday 11:00
[2026-05-22 00:50]   Checking court hire availability...
[2026-05-22 00:50]   Done — notified for 0 new activity slot(s), 0 new court slot(s).
[2026-05-22 01:42] Checking availability...
[2026-05-22 01:42]   Weeks: 18/05/2026, 25/05/2026, 01/06/2026, 08/06/2026, 15/06/2026, 22/06/2026
[2026-05-22 01:42]   13 available target slot(s) (before detail checks)
[2026-05-22 01:42]   Skip (wrong level): Train and Play Blue — Tuesday 11:00
[2026-05-22 01:42]   Checking court hire availability...
[2026-05-22 01:43]   Done — notified for 0 new activity slot(s), 0 new court slot(s).
[2026-05-22 01:53] Checking availability...
[2026-05-22 01:53]   Weeks: 18/05/2026, 25/05/2026, 01/06/2026, 08/06/2026, 15/06/2026, 22/06/2026
[2026-05-22 01:53]   13 available target slot(s) (before detail checks)
[2026-05-22 01:53]   Skip (wrong level): Train and Play Blue — Tuesday 11:00
[2026-05-22 01:53]   Checking court hire availability...
[2026-05-22 01:53]   Done — notified for 0 new activity slot(s), 0 new court slot(s).
[2026-05-22 03:04] Checking availability...
[2026-05-22 03:04]   Weeks: 18/05/2026, 25/05/2026, 01/06/2026, 08/06/2026, 15/06/2026, 22/06/2026
[2026-05-22 03:04]   13 available target slot(s) (before detail checks)
[2026-05-22 03:04]   Skip (wrong level): Train and Play Blue — Tuesday 11:00
[2026-05-22 03:04]   Checking court hire availability...
[2026-05-22 03:04]   Done — notified for 0 new activity slot(s), 0 new court slot(s).
[2026-05-22 04:44] Checking availability...
[2026-05-22 04:44]   Weeks: 18/05/2026, 25/05/2026, 01/06/2026, 08/06/2026, 15/06/2026, 22/06/2026
[2026-05-22 04:44]   13 available target slot(s) (before detail checks)
[2026-05-22 04:44]   Skip (wrong level): Train and Play Blue — Tuesday 11:00
[2026-05-22 04:44]   Checking court hire availability...
[2026-05-22 04:44]   Court grid fetch failed (23/6/2026): <urlopen error timed out>
[2026-05-22 04:44]   Done — notified for 0 new activity slot(s), 0 new court slot(s).
[2026-05-22 06:31] Checking availability...
[2026-05-22 06:31]   Weeks: 18/05/2026, 25/05/2026, 01/06/2026, 08/06/2026, 15/06/2026, 22/06/2026
[2026-05-22 06:31]   13 available target slot(s) (before detail checks)
[2026-05-22 06:31]   Skip (wrong level): Train and Play Blue — Tuesday 11:00
[2026-05-22 06:31]   Checking court hire availability...
[2026-05-22 06:32]   Court grid fetch failed (3/7/2026): <urlopen error timed out>
[2026-05-22 06:32]   Done — notified for 0 new activity slot(s), 0 new court slot(s).
[2026-05-22 08:34] Checking availability...
[2026-05-22 08:34] ERROR:
Traceback (most recent call last):
  File "/Library/Developer/CommandLineTools/Library/Frameworks/Python3.framework/Versions/3.9/lib/python3.9/urllib/request.py", line 1346, in do_open
    h.request(req.get_method(), req.selector, req.data, headers,
  File "/Library/Developer/CommandLineTools/Library/Frameworks/Python3.framework/Versions/3.9/lib/python3.9/http/client.py", line 1257, in request
    self._send_request(method, url, body, headers, encode_chunked)
  File "/Library/Developer/CommandLineTools/Library/Frameworks/Python3.framework/Versions/3.9/lib/python3.9/http/client.py", line 1303, in _send_request
    self.endheaders(body, encode_chunked=encode_chunked)
  File "/Library/Developer/CommandLineTools/Library/Frameworks/Python3.framework/Versions/3.9/lib/python3.9/http/client.py", line 1252, in endheaders
    self._send_output(message_body, encode_chunked=encode_chunked)
  File "/Library/Developer/CommandLineTools/Library/Frameworks/Python3.framework/Versions/3.9/lib/python3.9/http/client.py", line 1012, in _send_output
    self.send(msg)
  File "/Library/Developer/CommandLineTools/Library/Frameworks/Python3.framework/Versions/3.9/lib/python3.9/http/client.py", line 952, in send
    self.connect()
  File "/Library/Developer/CommandLineTools/Library/Frameworks/Python3.framework/Versions/3.9/lib/python3.9/http/client.py", line 1419, in connect
    super().connect()
  File "/Library/Developer/CommandLineTools/Library/Frameworks/Python3.framework/Versions/3.9/lib/python3.9/http/client.py", line 923, in connect
    self.sock = self._create_connection(
  File "/Library/Developer/CommandLineTools/Library/Frameworks/Python3.framework/Versions/3.9/lib/python3.9/socket.py", line 822, in create_connection
    for res in getaddrinfo(host, port, 0, SOCK_STREAM):
  File "/Library/Developer/CommandLineTools/Library/Frameworks/Python3.framework/Versions/3.9/lib/python3.9/socket.py", line 953, in getaddrinfo
    for res in _socket.getaddrinfo(host, port, family, type, proto, flags):
socket.gaierror: [Errno 8] nodename nor servname provided, or not known

During handling of the above exception, another exception occurred:

Traceback (most recent call last):
  File "/Users/meganward/personal/padel-booking/check_padel.py", line 442, in <module>
    main()
  File "/Users/meganward/personal/padel-booking/check_padel.py", line 368, in main
    weeks = get_available_weeks()
  File "/Users/meganward/personal/padel-booking/check_padel.py", line 74, in get_available_weeks
    result = post_json("/ActBooking/srvc.aspx/ObtenerSemanas", {})
  File "/Users/meganward/personal/padel-booking/check_padel.py", line 65, in post_json
    with open_fn(req, timeout=15) as resp:
  File "/Library/Developer/CommandLineTools/Library/Frameworks/Python3.framework/Versions/3.9/lib/python3.9/urllib/request.py", line 214, in urlopen
    return opener.open(url, data, timeout)
  File "/Library/Developer/CommandLineTools/Library/Frameworks/Python3.framework/Versions/3.9/lib/python3.9/urllib/request.py", line 517, in open
    response = self._open(req, data)
  File "/Library/Developer/CommandLineTools/Library/Frameworks/Python3.framework/Versions/3.9/lib/python3.9/urllib/request.py", line 534, in _open
    result = self._call_chain(self.handle_open, protocol, protocol +
  File "/Library/Developer/CommandLineTools/Library/Frameworks/Python3.framework/Versions/3.9/lib/python3.9/urllib/request.py", line 494, in _call_chain
    result = func(*args)
  File "/Library/Developer/CommandLineTools/Library/Frameworks/Python3.framework/Versions/3.9/lib/python3.9/urllib/request.py", line 1389, in https_open
    return self.do_open(http.client.HTTPSConnection, req,
  File "/Library/Developer/CommandLineTools/Library/Frameworks/Python3.framework/Versions/3.9/lib/python3.9/urllib/request.py", line 1349, in do_open
    raise URLError(err)
urllib.error.URLError: <urlopen error [Errno 8] nodename nor servname provided, or not known>

[2026-05-22 09:54] Checking availability...
[2026-05-22 09:54]   Weeks: 18/05/2026, 25/05/2026, 01/06/2026, 08/06/2026, 15/06/2026, 22/06/2026
[2026-05-22 09:54]   13 available target slot(s) (before detail checks)
[2026-05-22 09:54]   Skip (wrong level): Train and Play Blue — Tuesday 11:00
[2026-05-22 09:54]   Checking court hire availability...
[2026-05-22 09:54]   NOTIFY (court): Court 9: Roofed Outdoor — Thu 02 Jul, 20:00–22:30 (150 min)
[2026-05-22 09:55]   Done — notified for 0 new activity slot(s), 1 new court slot(s).
[2026-05-22 10:05] Checking availability...
[2026-05-22 10:05]   Weeks: 18/05/2026, 25/05/2026, 01/06/2026, 08/06/2026, 15/06/2026, 22/06/2026
[2026-05-22 10:05]   13 available target slot(s) (before detail checks)
[2026-05-22 10:05]   Skip (wrong level): Train and Play Blue — Tuesday 11:00
[2026-05-22 10:05]   Checking court hire availability...
[2026-05-22 10:05]   Done — notified for 0 new activity slot(s), 0 new court slot(s).
[2026-05-22 12:55] Checking availability...
[2026-05-22 12:55]   Weeks: 18/05/2026, 25/05/2026, 01/06/2026, 08/06/2026, 15/06/2026, 22/06/2026
[2026-05-22 12:55]   13 available target slot(s) (before detail checks)
[2026-05-22 12:55]   Skip (wrong level): Train and Play Blue — Tuesday 11:00
[2026-05-22 12:55]   Checking court hire availability...
[2026-05-22 12:55]   NOTIFY (court): Court 4 — Sun 31 May, 20:30–22:00 (90 min)
[2026-05-22 13:13]   Done — notified for 0 new activity slot(s), 1 new court slot(s).
[2026-05-22 14:29] Checking availability...
[2026-05-22 14:29]   Weeks: 18/05/2026, 25/05/2026, 01/06/2026, 08/06/2026, 15/06/2026, 22/06/2026
[2026-05-22 14:29]   13 available target slot(s) (before detail checks)
[2026-05-22 14:29]   Skip (wrong level): Train and Play Blue — Tuesday 11:00
[2026-05-22 14:29]   Checking court hire availability...
[2026-05-22 14:29]   Done — notified for 0 new activity slot(s), 0 new court slot(s).
[2026-05-22 14:39] Checking availability...
[2026-05-22 14:39]   Weeks: 18/05/2026, 25/05/2026, 01/06/2026, 08/06/2026, 15/06/2026, 22/06/2026
[2026-05-22 14:39]   13 available target slot(s) (before detail checks)
[2026-05-22 14:39]   Skip (wrong level): Train and Play Blue — Tuesday 11:00
[2026-05-22 14:39]   Checking court hire availability...
[2026-05-22 14:39]   Done — notified for 0 new activity slot(s), 0 new court slot(s).
[2026-05-22 14:50] Checking availability...
[2026-05-22 14:50]   Weeks: 18/05/2026, 25/05/2026, 01/06/2026, 08/06/2026, 15/06/2026, 22/06/2026
[2026-05-22 14:50]   13 available target slot(s) (before detail checks)
[2026-05-22 14:50]   Skip (wrong level): Train and Play Blue — Tuesday 11:00
[2026-05-22 14:50]   Checking court hire availability...
[2026-05-22 14:50]   Court grid fetch failed (21/6/2026): <urlopen error timed out>
[2026-05-22 14:50]   Done — notified for 0 new activity slot(s), 0 new court slot(s).
[2026-05-22 15:05] Checking availability...
[2026-05-22 15:05]   Weeks: 18/05/2026, 25/05/2026, 01/06/2026, 08/06/2026, 15/06/2026, 22/06/2026
[2026-05-22 15:05]   13 available target slot(s) (before detail checks)
[2026-05-22 15:05]   Skip (wrong level): Train and Play Blue — Tuesday 11:00
[2026-05-22 15:05]   Checking court hire availability...
[2026-05-22 15:05]   Done — notified for 0 new activity slot(s), 0 new court slot(s).
[2026-05-22 15:17] Checking availability...
[2026-05-22 15:17]   Weeks: 18/05/2026, 25/05/2026, 01/06/2026, 08/06/2026, 15/06/2026, 22/06/2026
[2026-05-22 15:17]   14 available target slot(s) (before detail checks)
[2026-05-22 15:17]   Skip (wrong level): Train and Play Blue — Tuesday 11:00
[2026-05-22 15:17]   Checking court hire availability...
[2026-05-22 15:18]   Court grid fetch failed (22/6/2026): <urlopen error timed out>
[2026-05-22 15:18]   Done — notified for 0 new activity slot(s), 0 new court slot(s).
[2026-05-22 15:28] Checking availability...
[2026-05-22 15:28]   Weeks: 18/05/2026, 25/05/2026, 01/06/2026, 08/06/2026, 15/06/2026, 22/06/2026
[2026-05-22 15:28]   14 available target slot(s) (before detail checks)
[2026-05-22 15:28]   Skip (wrong level): Train and Play Blue — Tuesday 11:00
[2026-05-22 15:28]   Checking court hire availability...
[2026-05-22 15:28]   Court grid fetch failed (2/7/2026): <urlopen error timed out>
[2026-05-22 15:28]   Done — notified for 0 new activity slot(s), 0 new court slot(s).
[2026-05-22 15:38] Checking availability...
[2026-05-22 15:38]   Weeks: 18/05/2026, 25/05/2026, 01/06/2026, 08/06/2026, 15/06/2026, 22/06/2026
[2026-05-22 15:38]   14 available target slot(s) (before detail checks)
[2026-05-22 15:38]   Skip (wrong level): Train and Play Blue — Tuesday 11:00
[2026-05-22 15:38]   Checking court hire availability...
[2026-05-22 15:38]   Done — notified for 0 new activity slot(s), 0 new court slot(s).
[2026-05-22 15:48] Checking availability...
[2026-05-22 15:48]   Weeks: 18/05/2026, 25/05/2026, 01/06/2026, 08/06/2026, 15/06/2026, 22/06/2026
[2026-05-22 15:48]   14 available target slot(s) (before detail checks)
[2026-05-22 15:48]   Skip (wrong level): Train and Play Blue — Tuesday 11:00
[2026-05-22 15:48]   Checking court hire availability...
[2026-05-22 15:48]   Done — notified for 0 new activity slot(s), 0 new court slot(s).
[2026-05-22 16:13] Checking availability...
[2026-05-22 16:13]   Weeks: 18/05/2026, 25/05/2026, 01/06/2026, 08/06/2026, 15/06/2026, 22/06/2026
[2026-05-22 16:13]   14 available target slot(s) (before detail checks)
[2026-05-22 16:13]   Skip (wrong level): Train and Play Blue — Tuesday 11:00
[2026-05-22 16:13]   Checking court hire availability...
[2026-05-22 16:14]   Court grid fetch failed (20/6/2026): <urlopen error timed out>
[2026-05-22 16:14]   Done — notified for 0 new activity slot(s), 0 new court slot(s).
[2026-05-22 16:24] Checking availability...
[2026-05-22 16:24]   Weeks: 18/05/2026, 25/05/2026, 01/06/2026, 08/06/2026, 15/06/2026, 22/06/2026
[2026-05-22 16:24]   14 available target slot(s) (before detail checks)
[2026-05-22 16:24]   Skip (wrong level): Train and Play Blue — Tuesday 11:00
[2026-05-22 16:24]   Checking court hire availability...
[2026-05-22 16:24]   Done — notified for 0 new activity slot(s), 0 new court slot(s).
[2026-05-22 16:34] Checking availability...
[2026-05-22 16:34]   Weeks: 18/05/2026, 25/05/2026, 01/06/2026, 08/06/2026, 15/06/2026, 22/06/2026
[2026-05-22 16:34]   14 available target slot(s) (before detail checks)
[2026-05-22 16:34]   Skip (wrong level): Train and Play Blue — Tuesday 11:00
[2026-05-22 16:34]   Checking court hire availability...
[2026-05-22 16:34]   Court grid fetch failed (14/6/2026): <urlopen error timed out>
[2026-05-22 16:35]   Done — notified for 0 new activity slot(s), 0 new court slot(s).
[2026-05-22 16:45] Checking availability...
[2026-05-22 16:45]   Weeks: 18/05/2026, 25/05/2026, 01/06/2026, 08/06/2026, 15/06/2026, 22/06/2026
[2026-05-22 16:45]   14 available target slot(s) (before detail checks)
[2026-05-22 16:45]   Skip (wrong level): Train and Play Blue — Tuesday 11:00
[2026-05-22 16:45]   Checking court hire availability...
[2026-05-22 16:45]   Done — notified for 0 new activity slot(s), 0 new court slot(s).
[2026-05-22 21:41] Checking availability...
[2026-05-22 21:41]   Weeks: 18/05/2026, 25/05/2026, 01/06/2026, 08/06/2026, 15/06/2026, 22/06/2026
[2026-05-22 21:41]   14 available target slot(s) (before detail checks)
[2026-05-22 21:41]   Skip (wrong level): Train and Play Blue — Tuesday 11:00
[2026-05-22 21:41]   Checking court hire availability...
[2026-05-22 22:05]   Court grid fetch failed (5/6/2026): <urlopen error _ssl.c:1112: The handshake operation timed out>
[2026-05-22 22:50]   Court grid fetch failed (24/6/2026): The read operation timed out
[2026-05-22 22:50]   Done — notified for 0 new activity slot(s), 0 new court slot(s).
[2026-05-23 03:59] Checking availability...
[2026-05-23 03:59]   Weeks: 18/05/2026, 25/05/2026, 01/06/2026, 08/06/2026, 15/06/2026, 22/06/2026
[2026-05-23 03:59]   16 available target slot(s) (before detail checks)
[2026-05-23 03:59]   Skip (wrong level): Train and Play Blue — Tuesday 11:00
[2026-05-23 03:59]   Checking court hire availability...
[2026-05-23 03:59]   Done — notified for 0 new activity slot(s), 0 new court slot(s).
[2026-05-23 11:14] Checking availability...
[2026-05-23 11:14]   Weeks: 18/05/2026, 25/05/2026, 01/06/2026, 08/06/2026, 15/06/2026, 22/06/2026
[2026-05-23 11:15]   15 available target slot(s) (before detail checks)
[2026-05-23 11:15]   Skip (wrong level): Train and Play Blue — Tuesday 11:00
[2026-05-23 11:15]   Checking court hire availability...
[2026-05-23 11:15]   NOTIFY (court): Court 5 — Fri 03 Jul, 20:30–21:30 (60 min)
[2026-05-23 11:15]   NOTIFY (court): Court 6: Estrella Damm — Fri 03 Jul, 19:00–20:00 (60 min)
[2026-05-23 11:15]   NOTIFY (court): Court 8: Showcourt — Fri 03 Jul, 20:30–21:30 (60 min)
[2026-05-23 11:15]   Done — notified for 0 new activity slot(s), 3 new court slot(s).
[2026-05-23 16:59] Checking availability...
[2026-05-23 16:59]   Weeks: 18/05/2026, 25/05/2026, 01/06/2026, 08/06/2026, 15/06/2026, 22/06/2026
[2026-05-23 16:59]   14 available target slot(s) (before detail checks)
[2026-05-23 16:59]   Skip (wrong level): Train and Play Blue — Tuesday 11:00
[2026-05-23 16:59]   Checking court hire availability...
[2026-05-23 17:30]   Court grid fetch failed (30/5/2026): The read operation timed out
[2026-05-23 17:30]   Done — notified for 0 new activity slot(s), 0 new court slot(s).
[2026-05-24 01:26] Checking availability...
[2026-05-24 01:26]   Weeks: 18/05/2026, 25/05/2026, 01/06/2026, 08/06/2026, 15/06/2026, 22/06/2026
[2026-05-24 02:17] ERROR:
Traceback (most recent call last):
  File "/Users/meganward/personal/padel-booking/check_padel.py", line 442, in <module>
    main()
  File "/Users/meganward/personal/padel-booking/check_padel.py", line 373, in main
    activities = get_activities_for_week(week["NumeroSemana"], week["Anyo"])
  File "/Users/meganward/personal/padel-booking/check_padel.py", line 88, in get_activities_for_week
    result = post_json("/ActBooking/srvc.aspx/ObtenerCuadroActividadesSemanal", body)
  File "/Users/meganward/personal/padel-booking/check_padel.py", line 66, in post_json
    return json.loads(resp.read())
  File "/Library/Developer/CommandLineTools/Library/Frameworks/Python3.framework/Versions/3.9/lib/python3.9/http/client.py", line 472, in read
    s = self._safe_read(self.length)
  File "/Library/Developer/CommandLineTools/Library/Frameworks/Python3.framework/Versions/3.9/lib/python3.9/http/client.py", line 613, in _safe_read
    data = self.fp.read(amt)
  File "/Library/Developer/CommandLineTools/Library/Frameworks/Python3.framework/Versions/3.9/lib/python3.9/socket.py", line 704, in readinto
    return self._sock.recv_into(b)
  File "/Library/Developer/CommandLineTools/Library/Frameworks/Python3.framework/Versions/3.9/lib/python3.9/ssl.py", line 1241, in recv_into
    return self.read(nbytes, buffer)
  File "/Library/Developer/CommandLineTools/Library/Frameworks/Python3.framework/Versions/3.9/lib/python3.9/ssl.py", line 1099, in read
    return self._sslobj.read(len, buffer)
socket.timeout: The read operation timed out

[2026-05-24 10:37] Checking availability...
[2026-05-24 10:37]   Weeks: 18/05/2026, 25/05/2026, 01/06/2026, 08/06/2026, 15/06/2026, 22/06/2026
[2026-05-24 10:37]   20 available target slot(s) (before detail checks)
[2026-05-24 10:37]   Skip (wrong level): Train and Play Blue — Tuesday 11:00
[2026-05-24 10:37]   Skip (wrong level): Train and Play Blue — Tuesday 11:00
[2026-05-24 10:37]   Checking court hire availability...
[2026-05-24 10:37]   NOTIFY (court): Court 2: Joma Padel — Mon 25 May, 18:30–20:00 (90 min)
[2026-05-24 10:37]   NOTIFY (court): Court 9: Roofed Outdoor — Sat 30 May, 18:00–19:30 (90 min)
[2026-05-24 10:37]   NOTIFY (court): Court 2: Joma Padel — Sun 28 Jun, 21:00–22:00 (60 min)
[2026-05-24 10:38]   NOTIFY (court): Court 2: Joma Padel — Sat 04 Jul, 18:30–20:00 (90 min)
[2026-05-24 10:38]   NOTIFY (court): Court 3: Terra Rossa — Sat 04 Jul, 20:00–21:30 (90 min)
[2026-05-24 10:38]   NOTIFY (court): Court 4 — Sat 04 Jul, 18:30–20:00 (90 min)
[2026-05-24 10:38]   NOTIFY (court): Court 1 — Sat 04 Jul, 20:00–21:30 (90 min)
[2026-05-24 10:38]   NOTIFY (court): Court 9: Roofed Outdoor — Sat 04 Jul, 18:00–19:30 (90 min)
[2026-05-24 10:38]   NOTIFY (court): Court 9: Roofed Outdoor — Sat 04 Jul, 21:00–22:30 (90 min)
[2026-05-24 10:38]   NOTIFY (court): Court 6: Estrella Damm — Sat 04 Jul, 18:30–20:00 (90 min)
[2026-05-24 10:38]   NOTIFY (court): Court 7 — Sat 04 Jul, 18:30–20:00 (90 min)
[2026-05-24 10:38]   NOTIFY (court): Court 8: Showcourt — Sat 04 Jul, 18:30–21:30 (180 min)
[2026-05-24 10:38]   Done — notified for 0 new activity slot(s), 12 new court slot(s).
[2026-05-24 12:55] Checking availability...
[2026-05-24 12:55]   Weeks: 18/05/2026, 25/05/2026, 01/06/2026, 08/06/2026, 15/06/2026, 22/06/2026
[2026-05-24 13:10] ERROR:
Traceback (most recent call last):
  File "/Library/Developer/CommandLineTools/Library/Frameworks/Python3.framework/Versions/3.9/lib/python3.9/urllib/request.py", line 1346, in do_open
    h.request(req.get_method(), req.selector, req.data, headers,
  File "/Library/Developer/CommandLineTools/Library/Frameworks/Python3.framework/Versions/3.9/lib/python3.9/http/client.py", line 1257, in request
    self._send_request(method, url, body, headers, encode_chunked)
  File "/Library/Developer/CommandLineTools/Library/Frameworks/Python3.framework/Versions/3.9/lib/python3.9/http/client.py", line 1303, in _send_request
    self.endheaders(body, encode_chunked=encode_chunked)
  File "/Library/Developer/CommandLineTools/Library/Frameworks/Python3.framework/Versions/3.9/lib/python3.9/http/client.py", line 1252, in endheaders
    self._send_output(message_body, encode_chunked=encode_chunked)
  File "/Library/Developer/CommandLineTools/Library/Frameworks/Python3.framework/Versions/3.9/lib/python3.9/http/client.py", line 1012, in _send_output
    self.send(msg)
  File "/Library/Developer/CommandLineTools/Library/Frameworks/Python3.framework/Versions/3.9/lib/python3.9/http/client.py", line 952, in send
    self.connect()
  File "/Library/Developer/CommandLineTools/Library/Frameworks/Python3.framework/Versions/3.9/lib/python3.9/http/client.py", line 1426, in connect
    self.sock = self._context.wrap_socket(self.sock,
  File "/Library/Developer/CommandLineTools/Library/Frameworks/Python3.framework/Versions/3.9/lib/python3.9/ssl.py", line 500, in wrap_socket
    return self.sslsocket_class._create(
  File "/Library/Developer/CommandLineTools/Library/Frameworks/Python3.framework/Versions/3.9/lib/python3.9/ssl.py", line 1040, in _create
    self.do_handshake()
  File "/Library/Developer/CommandLineTools/Library/Frameworks/Python3.framework/Versions/3.9/lib/python3.9/ssl.py", line 1309, in do_handshake
    self._sslobj.do_handshake()
socket.timeout: _ssl.c:1112: The handshake operation timed out

During handling of the above exception, another exception occurred:

Traceback (most recent call last):
  File "/Users/meganward/personal/padel-booking/check_padel.py", line 442, in <module>
    main()
  File "/Users/meganward/personal/padel-booking/check_padel.py", line 373, in main
    activities = get_activities_for_week(week["NumeroSemana"], week["Anyo"])
  File "/Users/meganward/personal/padel-booking/check_padel.py", line 88, in get_activities_for_week
    result = post_json("/ActBooking/srvc.aspx/ObtenerCuadroActividadesSemanal", body)
  File "/Users/meganward/personal/padel-booking/check_padel.py", line 65, in post_json
    with open_fn(req, timeout=15) as resp:
  File "/Library/Developer/CommandLineTools/Library/Frameworks/Python3.framework/Versions/3.9/lib/python3.9/urllib/request.py", line 214, in urlopen
    return opener.open(url, data, timeout)
  File "/Library/Developer/CommandLineTools/Library/Frameworks/Python3.framework/Versions/3.9/lib/python3.9/urllib/request.py", line 517, in open
    response = self._open(req, data)
  File "/Library/Developer/CommandLineTools/Library/Frameworks/Python3.framework/Versions/3.9/lib/python3.9/urllib/request.py", line 534, in _open
    result = self._call_chain(self.handle_open, protocol, protocol +
  File "/Library/Developer/CommandLineTools/Library/Frameworks/Python3.framework/Versions/3.9/lib/python3.9/urllib/request.py", line 494, in _call_chain
    result = func(*args)
  File "/Library/Developer/CommandLineTools/Library/Frameworks/Python3.framework/Versions/3.9/lib/python3.9/urllib/request.py", line 1389, in https_open
    return self.do_open(http.client.HTTPSConnection, req,
  File "/Library/Developer/CommandLineTools/Library/Frameworks/Python3.framework/Versions/3.9/lib/python3.9/urllib/request.py", line 1349, in do_open
    raise URLError(err)
urllib.error.URLError: <urlopen error _ssl.c:1112: The handshake operation timed out>

[2026-05-24 20:23] Checking availability...
[2026-05-24 20:23]   Weeks: 18/05/2026, 25/05/2026, 01/06/2026, 08/06/2026, 15/06/2026, 22/06/2026
[2026-05-24 20:47] ERROR:
Traceback (most recent call last):
  File "/Users/meganward/personal/padel-booking/check_padel.py", line 442, in <module>
    main()
  File "/Users/meganward/personal/padel-booking/check_padel.py", line 373, in main
    activities = get_activities_for_week(week["NumeroSemana"], week["Anyo"])
  File "/Users/meganward/personal/padel-booking/check_padel.py", line 88, in get_activities_for_week
    result = post_json("/ActBooking/srvc.aspx/ObtenerCuadroActividadesSemanal", body)
  File "/Users/meganward/personal/padel-booking/check_padel.py", line 66, in post_json
    return json.loads(resp.read())
  File "/Library/Developer/CommandLineTools/Library/Frameworks/Python3.framework/Versions/3.9/lib/python3.9/http/client.py", line 472, in read
    s = self._safe_read(self.length)
  File "/Library/Developer/CommandLineTools/Library/Frameworks/Python3.framework/Versions/3.9/lib/python3.9/http/client.py", line 613, in _safe_read
    data = self.fp.read(amt)
  File "/Library/Developer/CommandLineTools/Library/Frameworks/Python3.framework/Versions/3.9/lib/python3.9/socket.py", line 704, in readinto
    return self._sock.recv_into(b)
  File "/Library/Developer/CommandLineTools/Library/Frameworks/Python3.framework/Versions/3.9/lib/python3.9/ssl.py", line 1241, in recv_into
    return self.read(nbytes, buffer)
  File "/Library/Developer/CommandLineTools/Library/Frameworks/Python3.framework/Versions/3.9/lib/python3.9/ssl.py", line 1099, in read
    return self._sslobj.read(len, buffer)
socket.timeout: The read operation timed out

[2026-05-24 23:07] Checking availability...
[2026-05-24 23:07]   Weeks: 25/05/2026, 01/06/2026, 08/06/2026, 15/06/2026, 22/06/2026
[2026-05-24 23:07]   16 available target slot(s) (before detail checks)
[2026-05-24 23:07]   Skip (wrong level): Train and Play Blue — Tuesday 11:00
[2026-05-24 23:07]   Checking court hire availability...
[2026-05-24 23:07]   NOTIFY (court): Court 9: Roofed Outdoor — Wed 01 Jul, 18:30–19:30 (60 min)
[2026-05-24 23:07]   NOTIFY (court): Court 4 — Sat 04 Jul, 18:00–19:00 (60 min)
[2026-05-24 23:07]   NOTIFY (court): Court 8: Showcourt — Sat 04 Jul, 20:00–21:30 (90 min)
[2026-05-24 23:07]   Done — notified for 0 new activity slot(s), 3 new court slot(s).
[2026-05-24 23:17] Checking availability...
[2026-05-24 23:17]   Weeks: 25/05/2026, 01/06/2026, 08/06/2026, 15/06/2026, 22/06/2026
[2026-05-24 23:17]   16 available target slot(s) (before detail checks)
[2026-05-24 23:17]   Skip (wrong level): Train and Play Blue — Tuesday 11:00
[2026-05-24 23:17]   Checking court hire availability...
[2026-05-24 23:18]   Done — notified for 0 new activity slot(s), 0 new court slot(s).
[2026-05-24 23:28] Checking availability...
[2026-05-24 23:28]   Weeks: 25/05/2026, 01/06/2026, 08/06/2026, 15/06/2026, 22/06/2026
[2026-05-24 23:28]   16 available target slot(s) (before detail checks)
[2026-05-24 23:28]   Skip (wrong level): Train and Play Blue — Tuesday 11:00
[2026-05-24 23:28]   Checking court hire availability...
[2026-05-24 23:28]   Done — notified for 0 new activity slot(s), 0 new court slot(s).
[2026-05-25 00:01] Checking availability...
[2026-05-25 00:01]   Weeks: 25/05/2026, 01/06/2026, 08/06/2026, 15/06/2026, 22/06/2026
[2026-05-25 00:01]   16 available target slot(s) (before detail checks)
[2026-05-25 00:01]   Skip (wrong level): Train and Play Blue — Tuesday 11:00
[2026-05-25 00:01]   Checking court hire availability...
[2026-05-25 00:01]   Done — notified for 0 new activity slot(s), 0 new court slot(s).
[2026-05-25 00:11] Checking availability...
[2026-05-25 00:11]   Weeks: 25/05/2026, 01/06/2026, 08/06/2026, 15/06/2026, 22/06/2026
[2026-05-25 00:12]   15 available target slot(s) (before detail checks)
[2026-05-25 00:12]   Skip (wrong level): Train and Play Blue — Tuesday 11:00
[2026-05-25 00:12]   Checking court hire availability...
[2026-05-25 00:12]   Done — notified for 0 new activity slot(s), 0 new court slot(s).
[2026-05-25 01:43] Checking availability...
[2026-05-25 01:43]   Weeks: 25/05/2026, 01/06/2026, 08/06/2026, 15/06/2026, 22/06/2026
[2026-05-25 01:43]   15 available target slot(s) (before detail checks)
[2026-05-25 01:43]   Skip (wrong level): Train and Play Blue — Tuesday 11:00
[2026-05-25 01:43]   Checking court hire availability...
[2026-05-25 01:43]   Done — notified for 0 new activity slot(s), 0 new court slot(s).
[2026-05-25 09:27] Checking availability...
[2026-05-25 09:27]   Weeks: 25/05/2026, 01/06/2026, 08/06/2026, 15/06/2026, 22/06/2026
[2026-05-25 09:27]   14 available target slot(s) (before detail checks)
[2026-05-25 09:27]   Skip (wrong level): Train and Play Blue — Tuesday 11:00
[2026-05-25 09:27]   Checking court hire availability...
[2026-05-25 09:27]   NOTIFY (court): Court 2: Joma Padel — Sun 05 Jul, 18:00–19:00 (60 min)
[2026-05-25 09:27]   NOTIFY (court): Court 2: Joma Padel — Sun 05 Jul, 20:30–22:00 (90 min)
[2026-05-25 09:27]   NOTIFY (court): Court 3: Terra Rossa — Sun 05 Jul, 19:30–20:30 (60 min)
[2026-05-25 09:27]   NOTIFY (court): Court 4 — Sun 05 Jul, 20:30–22:00 (90 min)
[2026-05-25 09:27]   NOTIFY (court): Court 9: Roofed Outdoor — Sun 05 Jul, 18:00–20:00 (120 min)
[2026-05-25 09:27]   NOTIFY (court): Court 5 — Sun 05 Jul, 19:30–20:30 (60 min)
[2026-05-25 09:27]   NOTIFY (court): Court 6: Estrella Damm — Sun 05 Jul, 18:00–19:00 (60 min)
[2026-05-25 09:27]   NOTIFY (court): Court 7 — Sun 05 Jul, 19:30–20:30 (60 min)
[2026-05-25 09:27]   NOTIFY (court): Court 8: Showcourt — Sun 05 Jul, 18:00–19:00 (60 min)
[2026-05-25 09:27]   NOTIFY (court): Court 8: Showcourt — Sun 05 Jul, 20:30–22:00 (90 min)
[2026-05-25 09:27]   Done — notified for 0 new activity slot(s), 10 new court slot(s).
[2026-05-25 13:43] Checking availability...
[2026-05-25 13:43]   Weeks: 25/05/2026, 01/06/2026, 08/06/2026, 15/06/2026, 22/06/2026
[2026-05-25 13:43]   14 available target slot(s) (before detail checks)
[2026-05-25 13:43]   Skip (wrong level): Train and Play Blue — Tuesday 11:00
[2026-05-25 13:43]   Checking court hire availability...
[2026-05-25 13:43]   NOTIFY (court): Court 3: Terra Rossa — Tue 02 Jun, 20:00–21:30 (90 min)
[2026-05-25 13:43]   Done — notified for 0 new activity slot(s), 1 new court slot(s).
[2026-05-25 17:28] Checking availability...
[2026-05-25 17:28]   Weeks: 25/05/2026, 01/06/2026, 08/06/2026, 15/06/2026, 22/06/2026
[2026-05-25 17:28]   13 available target slot(s) (before detail checks)
[2026-05-25 17:28]   Skip (wrong level): Train and Play Blue — Tuesday 11:00
[2026-05-25 17:28]   Checking court hire availability...
[2026-05-25 17:52]   Court grid fetch failed (22/6/2026): The read operation timed out
[2026-05-25 17:52]   Done — notified for 0 new activity slot(s), 0 new court slot(s).
[2026-05-25 21:30] Checking availability...
[2026-05-25 21:30]   Weeks: 25/05/2026, 01/06/2026, 08/06/2026, 15/06/2026, 22/06/2026
[2026-05-25 21:30]   12 available target slot(s) (before detail checks)
[2026-05-25 21:30]   Skip (wrong level): Train and Play Blue — Tuesday 11:00
[2026-05-25 21:30]   Checking court hire availability...
[2026-05-25 21:30]   NOTIFY (court): Court 7 — Sat 13 Jun, 18:00–19:00 (60 min)
[2026-05-25 21:30]   NOTIFY (court): Court 5 — Mon 15 Jun, 19:00–20:00 (60 min)
[2026-05-25 21:30]   NOTIFY (court): Court 6: Estrella Damm — Thu 25 Jun, 18:00–19:30 (90 min)
[2026-05-25 21:30]   Done — notified for 0 new activity slot(s), 3 new court slot(s).
[2026-05-25 21:40] Checking availability...
[2026-05-25 21:40]   Weeks: 25/05/2026, 01/06/2026, 08/06/2026, 15/06/2026, 22/06/2026
[2026-05-25 21:40]   12 available target slot(s) (before detail checks)
[2026-05-25 21:40]   Skip (wrong level): Train and Play Blue — Tuesday 11:00
[2026-05-25 21:40]   Checking court hire availability...
[2026-05-25 21:40]   Done — notified for 0 new activity slot(s), 0 new court slot(s).
[2026-05-25 23:11] Checking availability...
[2026-05-25 23:11]   Weeks: 25/05/2026, 01/06/2026, 08/06/2026, 15/06/2026, 22/06/2026
[2026-05-25 23:11]   14 available target slot(s) (before detail checks)
[2026-05-25 23:11]   Skip (wrong level): Train and Play Blue — Tuesday 11:00
[2026-05-25 23:11]   Checking court hire availability...
[2026-05-25 23:41]   Court grid fetch failed (9/6/2026): The read operation timed out
[2026-05-25 23:41]   Done — notified for 0 new activity slot(s), 0 new court slot(s).
[2026-05-26 08:17] Checking availability...
[2026-05-26 08:17]   Weeks: 25/05/2026, 01/06/2026, 08/06/2026, 15/06/2026, 22/06/2026, 29/06/2026
[2026-05-26 08:17] ERROR:
Traceback (most recent call last):
  File "/Library/Developer/CommandLineTools/Library/Frameworks/Python3.framework/Versions/3.9/lib/python3.9/urllib/request.py", line 1346, in do_open
    h.request(req.get_method(), req.selector, req.data, headers,
  File "/Library/Developer/CommandLineTools/Library/Frameworks/Python3.framework/Versions/3.9/lib/python3.9/http/client.py", line 1257, in request
    self._send_request(method, url, body, headers, encode_chunked)
  File "/Library/Developer/CommandLineTools/Library/Frameworks/Python3.framework/Versions/3.9/lib/python3.9/http/client.py", line 1303, in _send_request
    self.endheaders(body, encode_chunked=encode_chunked)
  File "/Library/Developer/CommandLineTools/Library/Frameworks/Python3.framework/Versions/3.9/lib/python3.9/http/client.py", line 1252, in endheaders
    self._send_output(message_body, encode_chunked=encode_chunked)
  File "/Library/Developer/CommandLineTools/Library/Frameworks/Python3.framework/Versions/3.9/lib/python3.9/http/client.py", line 1012, in _send_output
    self.send(msg)
  File "/Library/Developer/CommandLineTools/Library/Frameworks/Python3.framework/Versions/3.9/lib/python3.9/http/client.py", line 952, in send
    self.connect()
  File "/Library/Developer/CommandLineTools/Library/Frameworks/Python3.framework/Versions/3.9/lib/python3.9/http/client.py", line 1419, in connect
    super().connect()
  File "/Library/Developer/CommandLineTools/Library/Frameworks/Python3.framework/Versions/3.9/lib/python3.9/http/client.py", line 923, in connect
    self.sock = self._create_connection(
  File "/Library/Developer/CommandLineTools/Library/Frameworks/Python3.framework/Versions/3.9/lib/python3.9/socket.py", line 843, in create_connection
    raise err
  File "/Library/Developer/CommandLineTools/Library/Frameworks/Python3.framework/Versions/3.9/lib/python3.9/socket.py", line 831, in create_connection
    sock.connect(sa)
socket.timeout: timed out

During handling of the above exception, another exception occurred:

Traceback (most recent call last):
  File "/Users/meganward/personal/padel-booking/check_padel.py", line 442, in <module>
    main()
  File "/Users/meganward/personal/padel-booking/check_padel.py", line 373, in main
    activities = get_activities_for_week(week["NumeroSemana"], week["Anyo"])
  File "/Users/meganward/personal/padel-booking/check_padel.py", line 88, in get_activities_for_week
    result = post_json("/ActBooking/srvc.aspx/ObtenerCuadroActividadesSemanal", body)
  File "/Users/meganward/personal/padel-booking/check_padel.py", line 65, in post_json
    with open_fn(req, timeout=15) as resp:
  File "/Library/Developer/CommandLineTools/Library/Frameworks/Python3.framework/Versions/3.9/lib/python3.9/urllib/request.py", line 214, in urlopen
    return opener.open(url, data, timeout)
  File "/Library/Developer/CommandLineTools/Library/Frameworks/Python3.framework/Versions/3.9/lib/python3.9/urllib/request.py", line 517, in open
    response = self._open(req, data)
  File "/Library/Developer/CommandLineTools/Library/Frameworks/Python3.framework/Versions/3.9/lib/python3.9/urllib/request.py", line 534, in _open
    result = self._call_chain(self.handle_open, protocol, protocol +
  File "/Library/Developer/CommandLineTools/Library/Frameworks/Python3.framework/Versions/3.9/lib/python3.9/urllib/request.py", line 494, in _call_chain
    result = func(*args)
  File "/Library/Developer/CommandLineTools/Library/Frameworks/Python3.framework/Versions/3.9/lib/python3.9/urllib/request.py", line 1389, in https_open
    return self.do_open(http.client.HTTPSConnection, req,
  File "/Library/Developer/CommandLineTools/Library/Frameworks/Python3.framework/Versions/3.9/lib/python3.9/urllib/request.py", line 1349, in do_open
    raise URLError(err)
urllib.error.URLError: <urlopen error timed out>

[2026-05-26 09:28] Checking availability...
[2026-05-26 09:28]   Weeks: 25/05/2026, 01/06/2026, 08/06/2026, 15/06/2026, 22/06/2026, 29/06/2026
[2026-05-26 09:28]   16 available target slot(s) (before detail checks)
[2026-05-26 09:28]   Skip (wrong level): Train and Play Blue — Tuesday 11:00
[2026-05-26 09:28]   NOTIFY: Train and Play Blue — Thu 02 Jul, 12:00–14:00 (1 free)
[2026-05-26 09:28]   Checking court hire availability...
[2026-05-26 09:28]   NOTIFY (court): Court 2: Joma Padel — Mon 06 Jul, 18:30–20:00 (90 min)
[2026-05-26 09:28]   NOTIFY (court): Court 3: Terra Rossa — Mon 06 Jul, 20:00–21:30 (90 min)
[2026-05-26 09:28]   NOTIFY (court): Court 1 — Mon 06 Jul, 20:00–21:30 (90 min)
[2026-05-26 09:28]   NOTIFY (court): Court 9: Roofed Outdoor — Mon 06 Jul, 18:30–19:30 (60 min)
[2026-05-26 09:28]   NOTIFY (court): Court 9: Roofed Outdoor — Mon 06 Jul, 21:00–22:30 (90 min)
[2026-05-26 09:28]   NOTIFY (court): Court 6: Estrella Damm — Mon 06 Jul, 20:00–21:30 (90 min)
[2026-05-26 09:28]   NOTIFY (court): Court 8: Showcourt — Mon 06 Jul, 18:30–20:00 (90 min)
[2026-05-26 09:28]   Done — notified for 1 new activity slot(s), 7 new court slot(s).
[2026-05-26 09:38] Checking availability...
[2026-05-26 09:38]   Weeks: 25/05/2026, 01/06/2026, 08/06/2026, 15/06/2026, 22/06/2026, 29/06/2026
[2026-05-26 09:38]   16 available target slot(s) (before detail checks)
[2026-05-26 09:38]   Skip (wrong level): Train and Play Blue — Tuesday 11:00
[2026-05-26 09:38]   Checking court hire availability...
[2026-05-26 09:38]   NOTIFY (court): Court 7 — Mon 06 Jul, 19:00–20:00 (60 min)
[2026-05-26 09:38]   Done — notified for 0 new activity slot(s), 1 new court slot(s).
[2026-05-26 09:48] Checking availability...
[2026-05-26 09:48]   Weeks: 25/05/2026, 01/06/2026, 08/06/2026, 15/06/2026, 22/06/2026, 29/06/2026
[2026-05-26 09:48]   16 available target slot(s) (before detail checks)
[2026-05-26 09:48]   Skip (wrong level): Train and Play Blue — Tuesday 11:00
[2026-05-26 09:48]   Checking court hire availability...
[2026-05-26 09:48]   Done — notified for 0 new activity slot(s), 0 new court slot(s).
[2026-05-26 09:58] Checking availability...
[2026-05-26 09:58]   Weeks: 25/05/2026, 01/06/2026, 08/06/2026, 15/06/2026, 22/06/2026, 29/06/2026
[2026-05-26 09:58]   16 available target slot(s) (before detail checks)
[2026-05-26 09:58]   Skip (wrong level): Train and Play Blue — Tuesday 11:00
[2026-05-26 09:58]   Checking court hire availability...
[2026-05-26 09:59]   Court grid fetch failed (30/6/2026): <urlopen error timed out>
[2026-05-26 09:59]   Done — notified for 0 new activity slot(s), 0 new court slot(s).
[2026-05-26 10:09] Checking availability...
[2026-05-26 10:09]   Weeks: 25/05/2026, 01/06/2026, 08/06/2026, 15/06/2026, 22/06/2026, 29/06/2026
[2026-05-26 10:09]   16 available target slot(s) (before detail checks)
[2026-05-26 10:09]   Skip (wrong level): Train and Play Blue — Tuesday 11:00
[2026-05-26 10:09]   Checking court hire availability...
[2026-05-26 10:09]   Done — notified for 0 new activity slot(s), 0 new court slot(s).
[2026-05-26 10:19] Checking availability...
[2026-05-26 10:19]   Weeks: 25/05/2026, 01/06/2026, 08/06/2026, 15/06/2026, 22/06/2026, 29/06/2026
[2026-05-26 10:19]   16 available target slot(s) (before detail checks)
[2026-05-26 10:19]   Skip (wrong level): Train and Play Blue — Tuesday 11:00
[2026-05-26 10:19]   Checking court hire availability...
[2026-05-26 10:19]   Court grid fetch failed (14/7/2026): <urlopen error timed out>
[2026-05-26 10:19]   Done — notified for 0 new activity slot(s), 0 new court slot(s).
[2026-05-26 10:29] Checking availability...
[2026-05-26 10:29]   Weeks: 25/05/2026, 01/06/2026, 08/06/2026, 15/06/2026, 22/06/2026, 29/06/2026
[2026-05-26 10:29]   20 available target slot(s) (before detail checks)
[2026-05-26 10:29]   Skip (wrong level): Train and Play Blue — Tuesday 11:00
[2026-05-26 10:29]   Checking court hire availability...
[2026-05-26 10:30]   Done — notified for 0 new activity slot(s), 0 new court slot(s).
[2026-05-26 10:40] Checking availability...
[2026-05-26 10:40]   Weeks: 25/05/2026, 01/06/2026, 08/06/2026, 15/06/2026, 22/06/2026, 29/06/2026
[2026-05-26 10:40]   20 available target slot(s) (before detail checks)
[2026-05-26 10:40]   Skip (wrong level): Train and Play Blue — Tuesday 11:00
[2026-05-26 10:40]   Checking court hire availability...
[2026-05-26 10:40]   Done — notified for 0 new activity slot(s), 0 new court slot(s).
[2026-05-26 10:59] Checking availability...
[2026-05-26 10:59]   Weeks: 25/05/2026, 01/06/2026, 08/06/2026, 15/06/2026, 22/06/2026, 29/06/2026
[2026-05-26 11:00]   20 available target slot(s) (before detail checks)
[2026-05-26 11:00]   Skip (wrong level): Train and Play Blue — Tuesday 11:00
[2026-05-26 11:00]   Checking court hire availability...
[2026-05-26 11:00]   NOTIFY (court): Court 2: Joma Padel — Fri 29 May, 18:30–19:30 (60 min)
[2026-05-26 11:00]   Done — notified for 0 new activity slot(s), 1 new court slot(s).
[2026-05-26 11:11] Checking availability...
[2026-05-26 11:11]   Weeks: 25/05/2026, 01/06/2026, 08/06/2026, 15/06/2026, 22/06/2026, 29/06/2026
[2026-05-26 11:11]   20 available target slot(s) (before detail checks)
[2026-05-26 11:11]   Skip (wrong level): Train and Play Blue — Tuesday 11:00
[2026-05-26 11:11]   Checking court hire availability...
[2026-05-26 11:11]   Done — notified for 0 new activity slot(s), 0 new court slot(s).
[2026-05-26 11:21] Checking availability...
[2026-05-26 11:21]   Weeks: 25/05/2026, 01/06/2026, 08/06/2026, 15/06/2026, 22/06/2026, 29/06/2026
[2026-05-26 11:21]   20 available target slot(s) (before detail checks)
[2026-05-26 11:21]   Skip (wrong level): Train and Play Blue — Tuesday 11:00
[2026-05-26 11:21]   Checking court hire availability...
[2026-05-26 11:22]   Done — notified for 0 new activity slot(s), 0 new court slot(s).
[2026-05-26 11:35] Checking availability...
[2026-05-26 11:35]   Weeks: 25/05/2026, 01/06/2026, 08/06/2026, 15/06/2026, 22/06/2026, 29/06/2026
[2026-05-26 11:35]   20 available target slot(s) (before detail checks)
[2026-05-26 11:35]   Skip (wrong level): Train and Play Blue — Tuesday 11:00
[2026-05-26 11:35]   Checking court hire availability...
[2026-05-26 11:35]   Done — notified for 0 new activity slot(s), 0 new court slot(s).
[2026-05-26 11:45] Checking availability...
[2026-05-26 11:45]   Weeks: 25/05/2026, 01/06/2026, 08/06/2026, 15/06/2026, 22/06/2026, 29/06/2026
[2026-05-26 11:45]   20 available target slot(s) (before detail checks)
[2026-05-26 11:45]   Skip (wrong level): Train and Play Blue — Tuesday 11:00
[2026-05-26 11:45]   Checking court hire availability...
[2026-05-26 11:46]   Court grid fetch failed (9/7/2026): <urlopen error timed out>
[2026-05-26 11:46]   Done — notified for 0 new activity slot(s), 0 new court slot(s).
[2026-05-26 11:56] Checking availability...
[2026-05-26 11:56]   Weeks: 25/05/2026, 01/06/2026, 08/06/2026, 15/06/2026, 22/06/2026, 29/06/2026
[2026-05-26 11:56]   19 available target slot(s) (before detail checks)
[2026-05-26 11:56]   Skip (wrong level): Train and Play Blue — Tuesday 11:00
[2026-05-26 11:56]   Checking court hire availability...
[2026-05-26 11:56]   Done — notified for 0 new activity slot(s), 0 new court slot(s).
[2026-05-26 12:06] Checking availability...
[2026-05-26 12:06]   Weeks: 25/05/2026, 01/06/2026, 08/06/2026, 15/06/2026, 22/06/2026, 29/06/2026
[2026-05-26 12:06]   19 available target slot(s) (before detail checks)
[2026-05-26 12:06]   Skip (wrong level): Train and Play Blue — Tuesday 11:00
[2026-05-26 12:06]   Checking court hire availability...
[2026-05-26 12:06]   Done — notified for 0 new activity slot(s), 0 new court slot(s).
[2026-05-26 12:16] Checking availability...
[2026-05-26 12:16]   Weeks: 25/05/2026, 01/06/2026, 08/06/2026, 15/06/2026, 22/06/2026, 29/06/2026
[2026-05-26 12:16]   20 available target slot(s) (before detail checks)
[2026-05-26 12:16]   Skip (wrong level): Train and Play Blue — Tuesday 11:00
[2026-05-26 12:16]   Checking court hire availability...
[2026-05-26 12:16]   Court grid fetch failed (21/6/2026): <urlopen error timed out>
[2026-05-26 12:17]   Done — notified for 0 new activity slot(s), 0 new court slot(s).
[2026-05-26 12:27] Checking availability...
[2026-05-26 12:27]   Weeks: 25/05/2026, 01/06/2026, 08/06/2026, 15/06/2026, 22/06/2026, 29/06/2026
[2026-05-26 12:27]   20 available target slot(s) (before detail checks)
[2026-05-26 12:27]   Skip (wrong level): Train and Play Blue — Tuesday 11:00
[2026-05-26 12:27]   Checking court hire availability...
[2026-05-26 12:27]   Court grid fetch failed (13/6/2026): <urlopen error timed out>
[2026-05-26 12:27]   Done — notified for 0 new activity slot(s), 0 new court slot(s).
[2026-05-26 12:37] Checking availability...
[2026-05-26 12:37]   Weeks: 25/05/2026, 01/06/2026, 08/06/2026, 15/06/2026, 22/06/2026, 29/06/2026
[2026-05-26 12:37]   20 available target slot(s) (before detail checks)
[2026-05-26 12:37]   Skip (wrong level): Train and Play Blue — Tuesday 11:00
[2026-05-26 12:37]   Checking court hire availability...
[2026-05-26 12:37]   Done — notified for 0 new activity slot(s), 0 new court slot(s).
[2026-05-26 13:19] Checking availability...
[2026-05-26 13:19]   Weeks: 25/05/2026, 01/06/2026, 08/06/2026, 15/06/2026, 22/06/2026, 29/06/2026
[2026-05-26 13:19]   19 available target slot(s) (before detail checks)
[2026-05-26 13:19]   Skip (wrong level): Train and Play Blue — Tuesday 11:00
[2026-05-26 13:19]   Checking court hire availability...
[2026-05-26 13:19]   Done — notified for 0 new activity slot(s), 0 new court slot(s).
[2026-05-26 14:55] Checking availability...
[2026-05-26 14:55]   Weeks: 25/05/2026, 01/06/2026, 08/06/2026, 15/06/2026, 22/06/2026, 29/06/2026
[2026-05-26 14:55]   20 available target slot(s) (before detail checks)
[2026-05-26 14:55]   Skip (wrong level): Train and Play Blue — Tuesday 11:00
[2026-05-26 14:55]   Checking court hire availability...
[2026-05-26 14:55]   NOTIFY (court): Court 9: Roofed Outdoor — Wed 27 May, 21:00–22:30 (90 min)
[2026-05-26 14:55]   NOTIFY (court): Court 7 — Sat 30 May, 18:00–19:00 (60 min)
[2026-05-26 14:55]   NOTIFY (court): Court 3: Terra Rossa — Tue 23 Jun, 20:30–21:30 (60 min)
[2026-05-26 14:55]   Done — notified for 0 new activity slot(s), 3 new court slot(s).
[2026-05-26 15:05] Checking availability...
[2026-05-26 15:05]   Weeks: 25/05/2026, 01/06/2026, 08/06/2026, 15/06/2026, 22/06/2026, 29/06/2026
[2026-05-26 15:05]   20 available target slot(s) (before detail checks)
[2026-05-26 15:05]   Skip (wrong level): Train and Play Blue — Tuesday 11:00
[2026-05-26 15:05]   Checking court hire availability...
[2026-05-26 15:05]   Court grid fetch failed (11/6/2026): <urlopen error timed out>
[2026-05-26 15:05]   Done — notified for 0 new activity slot(s), 0 new court slot(s).
[2026-05-26 15:15] Checking availability...
[2026-05-26 15:15]   Weeks: 25/05/2026, 01/06/2026, 08/06/2026, 15/06/2026, 22/06/2026, 29/06/2026
[2026-05-26 15:15]   20 available target slot(s) (before detail checks)
[2026-05-26 15:15]   Skip (wrong level): Train and Play Blue — Tuesday 11:00
[2026-05-26 15:15]   Checking court hire availability...
[2026-05-26 15:16]   Done — notified for 0 new activity slot(s), 0 new court slot(s).
[2026-05-26 15:26] Checking availability...
[2026-05-26 15:26]   Weeks: 25/05/2026, 01/06/2026, 08/06/2026, 15/06/2026, 22/06/2026, 29/06/2026
[2026-05-26 15:26]   20 available target slot(s) (before detail checks)
[2026-05-26 15:26]   Skip (wrong level): Train and Play Blue — Tuesday 11:00
[2026-05-26 15:26]   Checking court hire availability...
[2026-05-26 15:26]   Done — notified for 0 new activity slot(s), 0 new court slot(s).
[2026-05-26 15:36] Checking availability...
[2026-05-26 15:36]   Weeks: 25/05/2026, 01/06/2026, 08/06/2026, 15/06/2026, 22/06/2026, 29/06/2026
[2026-05-26 15:36]   20 available target slot(s) (before detail checks)
[2026-05-26 15:36]   Skip (wrong level): Train and Play Blue — Tuesday 11:00
[2026-05-26 15:36]   Checking court hire availability...
[2026-05-26 15:36]   Court grid fetch failed (20/6/2026): <urlopen error timed out>
[2026-05-26 15:36]   Done — notified for 0 new activity slot(s), 0 new court slot(s).
[2026-05-26 15:46] Checking availability...
[2026-05-26 15:46]   Weeks: 25/05/2026, 01/06/2026, 08/06/2026, 15/06/2026, 22/06/2026, 29/06/2026
[2026-05-26 15:46]   20 available target slot(s) (before detail checks)
[2026-05-26 15:46]   Skip (wrong level): Train and Play Blue — Tuesday 11:00
[2026-05-26 15:46]   Checking court hire availability...
[2026-05-26 15:47]   Court grid fetch failed (22/6/2026): <urlopen error timed out>
[2026-05-26 15:47]   Done — notified for 0 new activity slot(s), 0 new court slot(s).
[2026-05-26 15:57] Checking availability...
[2026-05-26 15:57]   Weeks: 25/05/2026, 01/06/2026, 08/06/2026, 15/06/2026, 22/06/2026, 29/06/2026
[2026-05-26 15:57]   21 available target slot(s) (before detail checks)
[2026-05-26 15:57]   Skip (wrong level): Train and Play Blue — Tuesday 11:00
[2026-05-26 15:57]   Checking court hire availability...
[2026-05-26 15:57]   Done — notified for 0 new activity slot(s), 0 new court slot(s).
[2026-05-26 16:07] Checking availability...
[2026-05-26 16:07]   Weeks: 25/05/2026, 01/06/2026, 08/06/2026, 15/06/2026, 22/06/2026, 29/06/2026
[2026-05-26 16:07]   20 available target slot(s) (before detail checks)
[2026-05-26 16:07]   Skip (wrong level): Train and Play Blue — Tuesday 11:00
[2026-05-26 16:07]   Checking court hire availability...
[2026-05-26 16:07]   Court grid fetch failed (27/6/2026): <urlopen error timed out>
[2026-05-26 16:07]   Done — notified for 0 new activity slot(s), 0 new court slot(s).
[2026-05-26 16:19] Checking availability...
[2026-05-26 16:19]   Weeks: 25/05/2026, 01/06/2026, 08/06/2026, 15/06/2026, 22/06/2026, 29/06/2026
[2026-05-26 16:19]   20 available target slot(s) (before detail checks)
[2026-05-26 16:19]   Skip (wrong level): Train and Play Blue — Tuesday 11:00
[2026-05-26 16:19]   Checking court hire availability...
[2026-05-26 16:19]   Done — notified for 0 new activity slot(s), 0 new court slot(s).
[2026-05-26 16:29] Checking availability...
[2026-05-26 16:29]   Weeks: 25/05/2026, 01/06/2026, 08/06/2026, 15/06/2026, 22/06/2026, 29/06/2026
[2026-05-26 16:29]   20 available target slot(s) (before detail checks)
[2026-05-26 16:29]   Skip (wrong level): Train and Play Blue — Tuesday 11:00
[2026-05-26 16:29]   Checking court hire availability...
[2026-05-26 16:29]   Done — notified for 0 new activity slot(s), 0 new court slot(s).
[2026-05-26 16:39] Checking availability...
[2026-05-26 16:39]   Weeks: 25/05/2026, 01/06/2026, 08/06/2026, 15/06/2026, 22/06/2026, 29/06/2026
[2026-05-26 16:39]   20 available target slot(s) (before detail checks)
[2026-05-26 16:39]   Skip (wrong level): Train and Play Blue — Tuesday 11:00
[2026-05-26 16:39]   Checking court hire availability...
[2026-05-26 16:39]   Done — notified for 0 new activity slot(s), 0 new court slot(s).
[2026-05-26 16:49] Checking availability...
[2026-05-26 16:49]   Weeks: 25/05/2026, 01/06/2026, 08/06/2026, 15/06/2026, 22/06/2026, 29/06/2026
[2026-05-26 16:50]   20 available target slot(s) (before detail checks)
[2026-05-26 16:50]   Skip (wrong level): Train and Play Blue — Tuesday 11:00
[2026-05-26 16:50]   Checking court hire availability...
[2026-05-26 16:50]   Done — notified for 0 new activity slot(s), 0 new court slot(s).
[2026-05-26 17:09] Checking availability...
[2026-05-26 17:09]   Weeks: 25/05/2026, 01/06/2026, 08/06/2026, 15/06/2026, 22/06/2026, 29/06/2026
[2026-05-26 17:09]   20 available target slot(s) (before detail checks)
[2026-05-26 17:09]   Skip (wrong level): Train and Play Blue — Tuesday 11:00
[2026-05-26 17:09]   Checking court hire availability...
[2026-05-26 17:10]   Done — notified for 0 new activity slot(s), 0 new court slot(s).
[2026-05-26 18:19] Checking availability...
[2026-05-26 18:19]   Weeks: 25/05/2026, 01/06/2026, 08/06/2026, 15/06/2026, 22/06/2026, 29/06/2026
[2026-05-26 18:19]   20 available target slot(s) (before detail checks)
[2026-05-26 18:19]   Skip (wrong level): Train and Play Blue — Tuesday 11:00
[2026-05-26 18:19]   Checking court hire availability...
[2026-05-26 18:19]   Court grid fetch failed (15/6/2026): <urlopen error timed out>
[2026-05-26 18:19]   Done — notified for 0 new activity slot(s), 0 new court slot(s).
[2026-05-26 20:16] Checking availability...
[2026-05-26 20:16]   Weeks: 25/05/2026, 01/06/2026, 08/06/2026, 15/06/2026, 22/06/2026, 29/06/2026
[2026-05-26 20:16]   19 available target slot(s) (before detail checks)
[2026-05-26 20:16]   Skip (wrong level): Train and Play Blue — Tuesday 11:00
[2026-05-26 20:16]   Checking court hire availability...
[2026-05-26 20:16]   Done — notified for 0 new activity slot(s), 0 new court slot(s).
[2026-05-26 22:00] Checking availability...
[2026-05-26 22:00]   Weeks: 25/05/2026, 01/06/2026, 08/06/2026, 15/06/2026, 22/06/2026, 29/06/2026
[2026-05-26 22:00]   20 available target slot(s) (before detail checks)
[2026-05-26 22:00]   Skip (wrong level): Train and Play Blue — Thursday 09:30
[2026-05-26 22:00]   Skip (wrong level): Train and Play Blue — Tuesday 11:00
[2026-05-26 22:00]   Checking court hire availability...
[2026-05-26 22:00]   NOTIFY (court): Court 5 — Sat 30 May, 18:30–20:00 (90 min)
[2026-05-26 22:00]   NOTIFY (court): Court 3: Terra Rossa — Sun 31 May, 20:30–22:00 (90 min)
[2026-05-26 22:00]   Done — notified for 0 new activity slot(s), 2 new court slot(s).
[2026-05-26 22:57] Checking availability...
[2026-05-26 22:57]   Weeks: 25/05/2026, 01/06/2026, 08/06/2026, 15/06/2026, 22/06/2026, 29/06/2026
[2026-05-26 22:57]   18 available target slot(s) (before detail checks)
[2026-05-26 22:57]   Skip (wrong level): Train and Play Blue — Tuesday 11:00
[2026-05-26 22:57]   Checking court hire availability...
[2026-05-26 22:57]   Done — notified for 0 new activity slot(s), 0 new court slot(s).
[2026-05-26 23:07] Checking availability...
[2026-05-26 23:07]   Weeks: 25/05/2026, 01/06/2026, 08/06/2026, 15/06/2026, 22/06/2026, 29/06/2026
[2026-05-26 23:07]   17 available target slot(s) (before detail checks)
[2026-05-26 23:07]   Skip (wrong level): Train and Play Blue — Tuesday 11:00
[2026-05-26 23:07]   Checking court hire availability...
[2026-05-26 23:08]   Done — notified for 0 new activity slot(s), 0 new court slot(s).
[2026-05-26 23:18] Checking availability...
[2026-05-26 23:18]   Weeks: 25/05/2026, 01/06/2026, 08/06/2026, 15/06/2026, 22/06/2026, 29/06/2026
[2026-05-26 23:18]   17 available target slot(s) (before detail checks)
[2026-05-26 23:18]   Skip (wrong level): Train and Play Blue — Tuesday 11:00
[2026-05-26 23:18]   Checking court hire availability...
[2026-05-26 23:18]   Done — notified for 0 new activity slot(s), 0 new court slot(s).
[2026-05-26 23:28] Checking availability...
[2026-05-26 23:28]   Weeks: 25/05/2026, 01/06/2026, 08/06/2026, 15/06/2026, 22/06/2026, 29/06/2026
[2026-05-26 23:28]   17 available target slot(s) (before detail checks)
[2026-05-26 23:28]   Skip (wrong level): Train and Play Blue — Tuesday 11:00
[2026-05-26 23:28]   Checking court hire availability...
[2026-05-26 23:28]   Done — notified for 0 new activity slot(s), 0 new court slot(s).
[2026-05-27 05:30] Checking availability...
[2026-05-27 05:30]   Weeks: 25/05/2026, 01/06/2026, 08/06/2026, 15/06/2026, 22/06/2026, 29/06/2026
[2026-05-27 05:30]   17 available target slot(s) (before detail checks)
[2026-05-27 05:30]   Skip (wrong level): Train and Play Blue — Tuesday 11:00
[2026-05-27 05:30]   Checking court hire availability...
[2026-05-27 06:03]   Court grid fetch failed (8/6/2026): [Errno 60] Operation timed out
[2026-05-27 06:35]   Court grid fetch failed (22/6/2026): <urlopen error [Errno 60] Operation timed out>
[2026-05-27 06:35]   Done — notified for 0 new activity slot(s), 0 new court slot(s).
[2026-05-27 09:05] Checking availability...
[2026-05-27 09:05]   Weeks: 25/05/2026, 01/06/2026, 08/06/2026, 15/06/2026, 22/06/2026, 29/06/2026
[2026-05-27 09:05]   17 available target slot(s) (before detail checks)
[2026-05-27 09:05]   Skip (wrong level): Train and Play Blue — Tuesday 11:00
[2026-05-27 09:05]   Checking court hire availability...
[2026-05-27 09:05]   NOTIFY (court): Court 4 — Tue 07 Jul, 18:30–19:30 (60 min)
[2026-05-27 09:05]   NOTIFY (court): Court 1 — Tue 07 Jul, 20:30–21:30 (60 min)
[2026-05-27 09:05]   NOTIFY (court): Court 9: Roofed Outdoor — Tue 07 Jul, 21:00–22:30 (90 min)
[2026-05-27 09:05]   NOTIFY (court): Court 5 — Tue 07 Jul, 19:30–21:00 (90 min)
[2026-05-27 09:05]   NOTIFY (court): Court 6: Estrella Damm — Tue 07 Jul, 21:00–23:00 (120 min)
[2026-05-27 09:05]   NOTIFY (court): Court 8: Showcourt — Tue 07 Jul, 21:00–23:00 (120 min)
[2026-05-27 09:05]   Done — notified for 0 new activity slot(s), 6 new court slot(s).
[2026-05-27 09:28] Checking availability...
[2026-05-27 09:28] ERROR:
Traceback (most recent call last):
  File "/Library/Developer/CommandLineTools/Library/Frameworks/Python3.framework/Versions/3.9/lib/python3.9/urllib/request.py", line 1346, in do_open
    h.request(req.get_method(), req.selector, req.data, headers,
  File "/Library/Developer/CommandLineTools/Library/Frameworks/Python3.framework/Versions/3.9/lib/python3.9/http/client.py", line 1257, in request
    self._send_request(method, url, body, headers, encode_chunked)
  File "/Library/Developer/CommandLineTools/Library/Frameworks/Python3.framework/Versions/3.9/lib/python3.9/http/client.py", line 1303, in _send_request
    self.endheaders(body, encode_chunked=encode_chunked)
  File "/Library/Developer/CommandLineTools/Library/Frameworks/Python3.framework/Versions/3.9/lib/python3.9/http/client.py", line 1252, in endheaders
    self._send_output(message_body, encode_chunked=encode_chunked)
  File "/Library/Developer/CommandLineTools/Library/Frameworks/Python3.framework/Versions/3.9/lib/python3.9/http/client.py", line 1012, in _send_output
    self.send(msg)
  File "/Library/Developer/CommandLineTools/Library/Frameworks/Python3.framework/Versions/3.9/lib/python3.9/http/client.py", line 952, in send
    self.connect()
  File "/Library/Developer/CommandLineTools/Library/Frameworks/Python3.framework/Versions/3.9/lib/python3.9/http/client.py", line 1419, in connect
    super().connect()
  File "/Library/Developer/CommandLineTools/Library/Frameworks/Python3.framework/Versions/3.9/lib/python3.9/http/client.py", line 923, in connect
    self.sock = self._create_connection(
  File "/Library/Developer/CommandLineTools/Library/Frameworks/Python3.framework/Versions/3.9/lib/python3.9/socket.py", line 822, in create_connection
    for res in getaddrinfo(host, port, 0, SOCK_STREAM):
  File "/Library/Developer/CommandLineTools/Library/Frameworks/Python3.framework/Versions/3.9/lib/python3.9/socket.py", line 953, in getaddrinfo
    for res in _socket.getaddrinfo(host, port, family, type, proto, flags):
socket.gaierror: [Errno 8] nodename nor servname provided, or not known

During handling of the above exception, another exception occurred:

Traceback (most recent call last):
  File "/Users/meganward/personal/padel-booking/check_padel.py", line 442, in <module>
    main()
  File "/Users/meganward/personal/padel-booking/check_padel.py", line 368, in main
    weeks = get_available_weeks()
  File "/Users/meganward/personal/padel-booking/check_padel.py", line 74, in get_available_weeks
    result = post_json("/ActBooking/srvc.aspx/ObtenerSemanas", {})
  File "/Users/meganward/personal/padel-booking/check_padel.py", line 65, in post_json
    with open_fn(req, timeout=15) as resp:
  File "/Library/Developer/CommandLineTools/Library/Frameworks/Python3.framework/Versions/3.9/lib/python3.9/urllib/request.py", line 214, in urlopen
    return opener.open(url, data, timeout)
  File "/Library/Developer/CommandLineTools/Library/Frameworks/Python3.framework/Versions/3.9/lib/python3.9/urllib/request.py", line 517, in open
    response = self._open(req, data)
  File "/Library/Developer/CommandLineTools/Library/Frameworks/Python3.framework/Versions/3.9/lib/python3.9/urllib/request.py", line 534, in _open
    result = self._call_chain(self.handle_open, protocol, protocol +
  File "/Library/Developer/CommandLineTools/Library/Frameworks/Python3.framework/Versions/3.9/lib/python3.9/urllib/request.py", line 494, in _call_chain
    result = func(*args)
  File "/Library/Developer/CommandLineTools/Library/Frameworks/Python3.framework/Versions/3.9/lib/python3.9/urllib/request.py", line 1389, in https_open
    return self.do_open(http.client.HTTPSConnection, req,
  File "/Library/Developer/CommandLineTools/Library/Frameworks/Python3.framework/Versions/3.9/lib/python3.9/urllib/request.py", line 1349, in do_open
    raise URLError(err)
urllib.error.URLError: <urlopen error [Errno 8] nodename nor servname provided, or not known>

[2026-05-27 09:39] Checking availability...
[2026-05-27 09:39]   Weeks: 25/05/2026, 01/06/2026, 08/06/2026, 15/06/2026, 22/06/2026, 29/06/2026
[2026-05-27 09:39]   18 available target slot(s) (before detail checks)
[2026-05-27 09:39]   Skip (wrong level): Train and Play Blue — Thursday 09:30
[2026-05-27 09:39]   Skip (wrong level): Train and Play Blue — Tuesday 11:00
[2026-05-27 09:39]   Checking court hire availability...
[2026-05-27 09:39]   Done — notified for 0 new activity slot(s), 0 new court slot(s).
[2026-05-27 09:49] Checking availability...
[2026-05-27 09:49]   Weeks: 25/05/2026, 01/06/2026, 08/06/2026, 15/06/2026, 22/06/2026, 29/06/2026
[2026-05-27 09:49]   18 available target slot(s) (before detail checks)
[2026-05-27 09:49]   Skip (wrong level): Train and Play Blue — Thursday 09:30
[2026-05-27 09:49]   Skip (wrong level): Train and Play Blue — Tuesday 11:00
[2026-05-27 09:49]   Checking court hire availability...
[2026-05-27 09:49]   Done — notified for 0 new activity slot(s), 0 new court slot(s).
[2026-05-27 09:59] Checking availability...
[2026-05-27 09:59]   Weeks: 25/05/2026, 01/06/2026, 08/06/2026, 15/06/2026, 22/06/2026, 29/06/2026
[2026-05-27 09:59]   18 available target slot(s) (before detail checks)
[2026-05-27 09:59]   Skip (wrong level): Train and Play Blue — Thursday 09:30
[2026-05-27 09:59]   Skip (wrong level): Train and Play Blue — Tuesday 11:00
[2026-05-27 09:59]   Checking court hire availability...
[2026-05-27 09:59]   Done — notified for 0 new activity slot(s), 0 new court slot(s).
[2026-05-27 10:09] Checking availability...
[2026-05-27 10:09]   Weeks: 25/05/2026, 01/06/2026, 08/06/2026, 15/06/2026, 22/06/2026, 29/06/2026
[2026-05-27 10:10]   17 available target slot(s) (before detail checks)
[2026-05-27 10:10]   Skip (wrong level): Train and Play Blue — Thursday 09:30
[2026-05-27 10:10]   Skip (wrong level): Train and Play Blue — Tuesday 11:00
[2026-05-27 10:10]   Checking court hire availability...
[2026-05-27 10:10]   Done — notified for 0 new activity slot(s), 0 new court slot(s).
[2026-05-27 10:20] Checking availability...
[2026-05-27 10:20]   Weeks: 25/05/2026, 01/06/2026, 08/06/2026, 15/06/2026, 22/06/2026, 29/06/2026
[2026-05-27 10:20]   16 available target slot(s) (before detail checks)
[2026-05-27 10:20]   Skip (wrong level): Train and Play Blue — Thursday 09:30
[2026-05-27 10:20]   Skip (wrong level): Train and Play Blue — Tuesday 11:00
[2026-05-27 10:20]   Checking court hire availability...
[2026-05-27 10:20]   Done — notified for 0 new activity slot(s), 0 new court slot(s).
[2026-05-27 10:30] Checking availability...
[2026-05-27 10:30]   Weeks: 25/05/2026, 01/06/2026, 08/06/2026, 15/06/2026, 22/06/2026, 29/06/2026
[2026-05-27 10:30]   16 available target slot(s) (before detail checks)
[2026-05-27 10:30]   Skip (wrong level): Train and Play Blue — Thursday 09:30
[2026-05-27 10:30]   Skip (wrong level): Train and Play Blue — Tuesday 11:00
[2026-05-27 10:30]   Checking court hire availability...
[2026-05-27 10:30]   Done — notified for 0 new activity slot(s), 0 new court slot(s).
[2026-05-27 10:40] Checking availability...
[2026-05-27 10:40]   Weeks: 25/05/2026, 01/06/2026, 08/06/2026, 15/06/2026, 22/06/2026, 29/06/2026
[2026-05-27 10:40]   15 available target slot(s) (before detail checks)
[2026-05-27 10:40]   Skip (wrong level): Train and Play Blue — Tuesday 11:00
[2026-05-27 10:40]   Checking court hire availability...
[2026-05-27 10:40]   Done — notified for 0 new activity slot(s), 0 new court slot(s).
[2026-05-27 10:50] Checking availability...
[2026-05-27 10:50]   Weeks: 25/05/2026, 01/06/2026, 08/06/2026, 15/06/2026, 22/06/2026, 29/06/2026
[2026-05-27 10:50]   16 available target slot(s) (before detail checks)
[2026-05-27 10:50]   Skip (wrong level): Train and Play Blue — Tuesday 11:00
[2026-05-27 10:50]   Checking court hire availability...
[2026-05-27 10:50]   Done — notified for 0 new activity slot(s), 0 new court slot(s).
[2026-05-27 11:02] Checking availability...
[2026-05-27 11:02]   Weeks: 25/05/2026, 01/06/2026, 08/06/2026, 15/06/2026, 22/06/2026, 29/06/2026
[2026-05-27 11:02]   16 available target slot(s) (before detail checks)
[2026-05-27 11:02]   Skip (wrong level): Train and Play Blue — Tuesday 11:00
[2026-05-27 11:02]   Checking court hire availability...
[2026-05-27 11:02]   Done — notified for 0 new activity slot(s), 0 new court slot(s).
[2026-05-27 11:12] Checking availability...
[2026-05-27 11:12]   Weeks: 25/05/2026, 01/06/2026, 08/06/2026, 15/06/2026, 22/06/2026, 29/06/2026
[2026-05-27 11:12]   18 available target slot(s) (before detail checks)
[2026-05-27 11:12]   Skip (wrong level): Train and Play Blue — Tuesday 11:00
[2026-05-27 11:12]   Checking court hire availability...
[2026-05-27 11:13]   Done — notified for 0 new activity slot(s), 0 new court slot(s).
[2026-05-27 11:23] Checking availability...
[2026-05-27 11:23]   Weeks: 25/05/2026, 01/06/2026, 08/06/2026, 15/06/2026, 22/06/2026, 29/06/2026
[2026-05-27 11:23]   18 available target slot(s) (before detail checks)
[2026-05-27 11:23]   Skip (wrong level): Train and Play Blue — Tuesday 11:00
[2026-05-27 11:23]   Checking court hire availability...
[2026-05-27 11:23]   Done — notified for 0 new activity slot(s), 0 new court slot(s).
[2026-05-27 11:50] Checking availability...
[2026-05-27 11:50]   Weeks: 25/05/2026, 01/06/2026, 08/06/2026, 15/06/2026, 22/06/2026, 29/06/2026
[2026-05-27 11:50]   20 available target slot(s) (before detail checks)
[2026-05-27 11:50]   Skip (wrong level): Train and Play Blue — Tuesday 11:00
[2026-05-27 11:50]   Checking court hire availability...
[2026-05-27 11:50]   Done — notified for 0 new activity slot(s), 0 new court slot(s).
[2026-05-27 12:00] Checking availability...
[2026-05-27 12:00]   Weeks: 25/05/2026, 01/06/2026, 08/06/2026, 15/06/2026, 22/06/2026, 29/06/2026
[2026-05-27 12:00]   21 available target slot(s) (before detail checks)
[2026-05-27 12:00]   Skip (wrong level): Train and Play Blue — Tuesday 11:00
[2026-05-27 12:00]   Checking court hire availability...
[2026-05-27 12:00]   Done — notified for 0 new activity slot(s), 0 new court slot(s).
[2026-05-27 12:10] Checking availability...
[2026-05-27 12:10]   Weeks: 25/05/2026, 01/06/2026, 08/06/2026, 15/06/2026, 22/06/2026, 29/06/2026
[2026-05-27 12:10]   19 available target slot(s) (before detail checks)
[2026-05-27 12:10]   Skip (wrong level): Train and Play Blue — Tuesday 11:00
[2026-05-27 12:10]   Checking court hire availability...
[2026-05-27 12:10]   Done — notified for 0 new activity slot(s), 0 new court slot(s).
[2026-05-27 12:20] Checking availability...
[2026-05-27 12:20]   Weeks: 25/05/2026, 01/06/2026, 08/06/2026, 15/06/2026, 22/06/2026, 29/06/2026
[2026-05-27 12:20]   19 available target slot(s) (before detail checks)
[2026-05-27 12:20]   Skip (wrong level): Train and Play Blue — Tuesday 11:00
[2026-05-27 12:20]   Checking court hire availability...
[2026-05-27 12:21]   Done — notified for 0 new activity slot(s), 0 new court slot(s).
[2026-05-27 12:31] Checking availability...
[2026-05-27 12:31]   Weeks: 25/05/2026, 01/06/2026, 08/06/2026, 15/06/2026, 22/06/2026, 29/06/2026
[2026-05-27 12:31]   21 available target slot(s) (before detail checks)
[2026-05-27 12:31]   Skip (wrong level): Train and Play Blue — Tuesday 11:00
[2026-05-27 12:31]   Checking court hire availability...
[2026-05-27 12:31]   Done — notified for 0 new activity slot(s), 0 new court slot(s).
[2026-05-27 13:42] Checking availability...
[2026-05-27 13:42]   Weeks: 25/05/2026, 01/06/2026, 08/06/2026, 15/06/2026, 22/06/2026, 29/06/2026
[2026-05-27 13:42]   22 available target slot(s) (before detail checks)
[2026-05-27 13:42]   Skip (wrong level): Train and Play Blue — Tuesday 11:00
[2026-05-27 13:42]   Checking court hire availability...
[2026-05-27 13:42]   NOTIFY (court): Court 5 — Thu 04 Jun, 18:30–20:00 (90 min)
[2026-05-27 13:42]   NOTIFY (court): Court 5 — Thu 18 Jun, 18:30–19:30 (60 min)
[2026-05-27 13:42]   Done — notified for 0 new activity slot(s), 2 new court slot(s).
[2026-05-27 13:55] Checking availability...
[2026-05-27 13:55]   Weeks: 25/05/2026, 01/06/2026, 08/06/2026, 15/06/2026, 22/06/2026, 29/06/2026
[2026-05-27 13:55]   22 available target slot(s) (before detail checks)
[2026-05-27 13:55]   Skip (wrong level): Train and Play Blue — Tuesday 11:00
[2026-05-27 13:55]   Checking court hire availability...
[2026-05-27 13:55]   Done — notified for 0 new activity slot(s), 0 new court slot(s).
[2026-05-27 14:05] Checking availability...
[2026-05-27 14:05]   Weeks: 25/05/2026, 01/06/2026, 08/06/2026, 15/06/2026, 22/06/2026, 29/06/2026
[2026-05-27 14:05]   22 available target slot(s) (before detail checks)
[2026-05-27 14:05]   Skip (wrong level): Train and Play Blue — Tuesday 11:00
[2026-05-27 14:05]   Checking court hire availability...
[2026-05-27 14:06]   Done — notified for 0 new activity slot(s), 0 new court slot(s).
[2026-05-27 14:16] Checking availability...
[2026-05-27 14:16]   Weeks: 25/05/2026, 01/06/2026, 08/06/2026, 15/06/2026, 22/06/2026, 29/06/2026
[2026-05-27 14:16]   22 available target slot(s) (before detail checks)
[2026-05-27 14:16]   Skip (wrong level): Train and Play Blue — Tuesday 11:00
[2026-05-27 14:16]   Checking court hire availability...
[2026-05-27 14:16]   Done — notified for 0 new activity slot(s), 0 new court slot(s).
[2026-05-27 14:26] Checking availability...
[2026-05-27 14:26]   Weeks: 25/05/2026, 01/06/2026, 08/06/2026, 15/06/2026, 22/06/2026, 29/06/2026
[2026-05-27 14:26]   22 available target slot(s) (before detail checks)
[2026-05-27 14:26]   Skip (wrong level): Train and Play Blue — Tuesday 11:00
[2026-05-27 14:26]   Checking court hire availability...
[2026-05-27 14:26]   Done — notified for 0 new activity slot(s), 0 new court slot(s).
[2026-05-27 14:36] Checking availability...
[2026-05-27 14:36]   Weeks: 25/05/2026, 01/06/2026, 08/06/2026, 15/06/2026, 22/06/2026, 29/06/2026
[2026-05-27 14:36]   21 available target slot(s) (before detail checks)
[2026-05-27 14:36]   Skip (wrong level): Train and Play Blue — Tuesday 11:00
[2026-05-27 14:36]   Checking court hire availability...
[2026-05-27 14:36]   Done — notified for 0 new activity slot(s), 0 new court slot(s).
[2026-05-27 14:46] Checking availability...
[2026-05-27 14:46]   Weeks: 25/05/2026, 01/06/2026, 08/06/2026, 15/06/2026, 22/06/2026, 29/06/2026
[2026-05-27 14:46]   21 available target slot(s) (before detail checks)
[2026-05-27 14:46]   Skip (wrong level): Train and Play Blue — Tuesday 11:00
[2026-05-27 14:46]   Checking court hire availability...
[2026-05-27 14:46]   Done — notified for 0 new activity slot(s), 0 new court slot(s).
[2026-05-27 14:56] Checking availability...
[2026-05-27 14:56]   Weeks: 25/05/2026, 01/06/2026, 08/06/2026, 15/06/2026, 22/06/2026, 29/06/2026
[2026-05-27 14:56]   21 available target slot(s) (before detail checks)
[2026-05-27 14:56]   Skip (wrong level): Train and Play Blue — Tuesday 11:00
[2026-05-27 14:56]   Checking court hire availability...
[2026-05-27 14:56]   Done — notified for 0 new activity slot(s), 0 new court slot(s).
[2026-05-27 15:06] Checking availability...
[2026-05-27 15:06]   Weeks: 25/05/2026, 01/06/2026, 08/06/2026, 15/06/2026, 22/06/2026, 29/06/2026
[2026-05-27 15:06]   21 available target slot(s) (before detail checks)
[2026-05-27 15:06]   Skip (wrong level): Train and Play Blue — Tuesday 11:00
[2026-05-27 15:06]   Checking court hire availability...
[2026-05-27 15:07]   Done — notified for 0 new activity slot(s), 0 new court slot(s).
[2026-05-27 15:17] Checking availability...
[2026-05-27 15:17]   Weeks: 25/05/2026, 01/06/2026, 08/06/2026, 15/06/2026, 22/06/2026, 29/06/2026
[2026-05-27 15:17]   20 available target slot(s) (before detail checks)
[2026-05-27 15:17]   Skip (wrong level): Train and Play Blue — Tuesday 11:00
[2026-05-27 15:17]   Checking court hire availability...
[2026-05-27 15:17]   Done — notified for 0 new activity slot(s), 0 new court slot(s).
[2026-05-27 15:27] Checking availability...
[2026-05-27 15:27]   Weeks: 25/05/2026, 01/06/2026, 08/06/2026, 15/06/2026, 22/06/2026, 29/06/2026
[2026-05-27 15:27]   20 available target slot(s) (before detail checks)
[2026-05-27 15:27]   Skip (wrong level): Train and Play Blue — Tuesday 11:00
[2026-05-27 15:27]   Checking court hire availability...
[2026-05-27 15:27]   Done — notified for 0 new activity slot(s), 0 new court slot(s).
[2026-05-27 17:53] Checking availability...
[2026-05-27 17:53] ERROR:
Traceback (most recent call last):
  File "/Library/Developer/CommandLineTools/Library/Frameworks/Python3.framework/Versions/3.9/lib/python3.9/urllib/request.py", line 1346, in do_open
    h.request(req.get_method(), req.selector, req.data, headers,
  File "/Library/Developer/CommandLineTools/Library/Frameworks/Python3.framework/Versions/3.9/lib/python3.9/http/client.py", line 1257, in request
    self._send_request(method, url, body, headers, encode_chunked)
  File "/Library/Developer/CommandLineTools/Library/Frameworks/Python3.framework/Versions/3.9/lib/python3.9/http/client.py", line 1303, in _send_request
    self.endheaders(body, encode_chunked=encode_chunked)
  File "/Library/Developer/CommandLineTools/Library/Frameworks/Python3.framework/Versions/3.9/lib/python3.9/http/client.py", line 1252, in endheaders
    self._send_output(message_body, encode_chunked=encode_chunked)
  File "/Library/Developer/CommandLineTools/Library/Frameworks/Python3.framework/Versions/3.9/lib/python3.9/http/client.py", line 1012, in _send_output
    self.send(msg)
  File "/Library/Developer/CommandLineTools/Library/Frameworks/Python3.framework/Versions/3.9/lib/python3.9/http/client.py", line 952, in send
    self.connect()
  File "/Library/Developer/CommandLineTools/Library/Frameworks/Python3.framework/Versions/3.9/lib/python3.9/http/client.py", line 1419, in connect
    super().connect()
  File "/Library/Developer/CommandLineTools/Library/Frameworks/Python3.framework/Versions/3.9/lib/python3.9/http/client.py", line 923, in connect
    self.sock = self._create_connection(
  File "/Library/Developer/CommandLineTools/Library/Frameworks/Python3.framework/Versions/3.9/lib/python3.9/socket.py", line 822, in create_connection
    for res in getaddrinfo(host, port, 0, SOCK_STREAM):
  File "/Library/Developer/CommandLineTools/Library/Frameworks/Python3.framework/Versions/3.9/lib/python3.9/socket.py", line 953, in getaddrinfo
    for res in _socket.getaddrinfo(host, port, family, type, proto, flags):
socket.gaierror: [Errno 8] nodename nor servname provided, or not known

During handling of the above exception, another exception occurred:

Traceback (most recent call last):
  File "/Users/meganward/personal/padel-booking/check_padel.py", line 442, in <module>
    main()
  File "/Users/meganward/personal/padel-booking/check_padel.py", line 368, in main
    weeks = get_available_weeks()
  File "/Users/meganward/personal/padel-booking/check_padel.py", line 74, in get_available_weeks
    result = post_json("/ActBooking/srvc.aspx/ObtenerSemanas", {})
  File "/Users/meganward/personal/padel-booking/check_padel.py", line 65, in post_json
    with open_fn(req, timeout=15) as resp:
  File "/Library/Developer/CommandLineTools/Library/Frameworks/Python3.framework/Versions/3.9/lib/python3.9/urllib/request.py", line 214, in urlopen
    return opener.open(url, data, timeout)
  File "/Library/Developer/CommandLineTools/Library/Frameworks/Python3.framework/Versions/3.9/lib/python3.9/urllib/request.py", line 517, in open
    response = self._open(req, data)
  File "/Library/Developer/CommandLineTools/Library/Frameworks/Python3.framework/Versions/3.9/lib/python3.9/urllib/request.py", line 534, in _open
    result = self._call_chain(self.handle_open, protocol, protocol +
  File "/Library/Developer/CommandLineTools/Library/Frameworks/Python3.framework/Versions/3.9/lib/python3.9/urllib/request.py", line 494, in _call_chain
    result = func(*args)
  File "/Library/Developer/CommandLineTools/Library/Frameworks/Python3.framework/Versions/3.9/lib/python3.9/urllib/request.py", line 1389, in https_open
    return self.do_open(http.client.HTTPSConnection, req,
  File "/Library/Developer/CommandLineTools/Library/Frameworks/Python3.framework/Versions/3.9/lib/python3.9/urllib/request.py", line 1349, in do_open
    raise URLError(err)
urllib.error.URLError: <urlopen error [Errno 8] nodename nor servname provided, or not known>

[2026-05-28 00:43] Checking availability...
[2026-05-28 00:43]   Weeks: 25/05/2026, 01/06/2026, 08/06/2026, 15/06/2026, 22/06/2026, 29/06/2026
[2026-05-28 00:43]   17 available target slot(s) (before detail checks)
[2026-05-28 00:43]   NOTIFY: Train and Play Blue — Thu 04 Jun, 11:00–13:00 (1 free)
[2026-05-28 00:43]   Skip (wrong level): Train and Play Blue — Tuesday 11:00
[2026-05-28 00:43]   Checking court hire availability...
[2026-05-28 00:43]   NOTIFY (court): Court 2: Joma Padel — Sat 30 May, 18:30–20:00 (90 min)
[2026-05-28 00:43]   NOTIFY (court): Court 9: Roofed Outdoor — Sun 31 May, 18:30–20:00 (90 min)
[2026-05-28 00:43]   Done — notified for 1 new activity slot(s), 2 new court slot(s).
[2026-05-28 07:43] Checking availability...
[2026-05-28 07:43] ERROR:
Traceback (most recent call last):
  File "/Library/Developer/CommandLineTools/Library/Frameworks/Python3.framework/Versions/3.9/lib/python3.9/urllib/request.py", line 1346, in do_open
    h.request(req.get_method(), req.selector, req.data, headers,
  File "/Library/Developer/CommandLineTools/Library/Frameworks/Python3.framework/Versions/3.9/lib/python3.9/http/client.py", line 1257, in request
    self._send_request(method, url, body, headers, encode_chunked)
  File "/Library/Developer/CommandLineTools/Library/Frameworks/Python3.framework/Versions/3.9/lib/python3.9/http/client.py", line 1303, in _send_request
    self.endheaders(body, encode_chunked=encode_chunked)
  File "/Library/Developer/CommandLineTools/Library/Frameworks/Python3.framework/Versions/3.9/lib/python3.9/http/client.py", line 1252, in endheaders
    self._send_output(message_body, encode_chunked=encode_chunked)
  File "/Library/Developer/CommandLineTools/Library/Frameworks/Python3.framework/Versions/3.9/lib/python3.9/http/client.py", line 1012, in _send_output
    self.send(msg)
  File "/Library/Developer/CommandLineTools/Library/Frameworks/Python3.framework/Versions/3.9/lib/python3.9/http/client.py", line 952, in send
    self.connect()
  File "/Library/Developer/CommandLineTools/Library/Frameworks/Python3.framework/Versions/3.9/lib/python3.9/http/client.py", line 1419, in connect
    super().connect()
  File "/Library/Developer/CommandLineTools/Library/Frameworks/Python3.framework/Versions/3.9/lib/python3.9/http/client.py", line 923, in connect
    self.sock = self._create_connection(
  File "/Library/Developer/CommandLineTools/Library/Frameworks/Python3.framework/Versions/3.9/lib/python3.9/socket.py", line 822, in create_connection
    for res in getaddrinfo(host, port, 0, SOCK_STREAM):
  File "/Library/Developer/CommandLineTools/Library/Frameworks/Python3.framework/Versions/3.9/lib/python3.9/socket.py", line 953, in getaddrinfo
    for res in _socket.getaddrinfo(host, port, family, type, proto, flags):
socket.gaierror: [Errno 8] nodename nor servname provided, or not known

During handling of the above exception, another exception occurred:

Traceback (most recent call last):
  File "/Users/meganward/personal/padel-booking/check_padel.py", line 442, in <module>
    main()
  File "/Users/meganward/personal/padel-booking/check_padel.py", line 368, in main
    weeks = get_available_weeks()
  File "/Users/meganward/personal/padel-booking/check_padel.py", line 74, in get_available_weeks
    result = post_json("/ActBooking/srvc.aspx/ObtenerSemanas", {})
  File "/Users/meganward/personal/padel-booking/check_padel.py", line 65, in post_json
    with open_fn(req, timeout=15) as resp:
  File "/Library/Developer/CommandLineTools/Library/Frameworks/Python3.framework/Versions/3.9/lib/python3.9/urllib/request.py", line 214, in urlopen
    return opener.open(url, data, timeout)
  File "/Library/Developer/CommandLineTools/Library/Frameworks/Python3.framework/Versions/3.9/lib/python3.9/urllib/request.py", line 517, in open
    response = self._open(req, data)
  File "/Library/Developer/CommandLineTools/Library/Frameworks/Python3.framework/Versions/3.9/lib/python3.9/urllib/request.py", line 534, in _open
    result = self._call_chain(self.handle_open, protocol, protocol +
  File "/Library/Developer/CommandLineTools/Library/Frameworks/Python3.framework/Versions/3.9/lib/python3.9/urllib/request.py", line 494, in _call_chain
    result = func(*args)
  File "/Library/Developer/CommandLineTools/Library/Frameworks/Python3.framework/Versions/3.9/lib/python3.9/urllib/request.py", line 1389, in https_open
    return self.do_open(http.client.HTTPSConnection, req,
  File "/Library/Developer/CommandLineTools/Library/Frameworks/Python3.framework/Versions/3.9/lib/python3.9/urllib/request.py", line 1349, in do_open
    raise URLError(err)
urllib.error.URLError: <urlopen error [Errno 8] nodename nor servname provided, or not known>

[2026-05-28 07:53] Checking availability...
[2026-05-28 07:53]   Weeks: 25/05/2026, 01/06/2026, 08/06/2026, 15/06/2026, 22/06/2026, 29/06/2026
[2026-05-28 07:53]   16 available target slot(s) (before detail checks)
[2026-05-28 07:53]   Skip (wrong level): Train and Play Blue — Tuesday 11:00
[2026-05-28 07:53]   Checking court hire availability...
[2026-05-28 07:53]   Court grid fetch failed (2/6/2026): The read operation timed out
[2026-05-28 07:54]   Court grid fetch failed (3/6/2026): The read operation timed out
[2026-05-28 07:55]   Court grid fetch failed (12/6/2026): The read operation timed out
[2026-05-28 07:56]   Done — notified for 0 new activity slot(s), 0 new court slot(s).
[2026-05-28 08:06] Checking availability...
[2026-05-28 08:06]   Weeks: 25/05/2026, 01/06/2026, 08/06/2026, 15/06/2026, 22/06/2026, 29/06/2026
[2026-05-28 08:07] ERROR:
Traceback (most recent call last):
  File "/Users/meganward/personal/padel-booking/check_padel.py", line 442, in <module>
    main()
  File "/Users/meganward/personal/padel-booking/check_padel.py", line 373, in main
    activities = get_activities_for_week(week["NumeroSemana"], week["Anyo"])
  File "/Users/meganward/personal/padel-booking/check_padel.py", line 88, in get_activities_for_week
    result = post_json("/ActBooking/srvc.aspx/ObtenerCuadroActividadesSemanal", body)
  File "/Users/meganward/personal/padel-booking/check_padel.py", line 66, in post_json
    return json.loads(resp.read())
  File "/Library/Developer/CommandLineTools/Library/Frameworks/Python3.framework/Versions/3.9/lib/python3.9/http/client.py", line 472, in read
    s = self._safe_read(self.length)
  File "/Library/Developer/CommandLineTools/Library/Frameworks/Python3.framework/Versions/3.9/lib/python3.9/http/client.py", line 613, in _safe_read
    data = self.fp.read(amt)
  File "/Library/Developer/CommandLineTools/Library/Frameworks/Python3.framework/Versions/3.9/lib/python3.9/socket.py", line 704, in readinto
    return self._sock.recv_into(b)
  File "/Library/Developer/CommandLineTools/Library/Frameworks/Python3.framework/Versions/3.9/lib/python3.9/ssl.py", line 1241, in recv_into
    return self.read(nbytes, buffer)
  File "/Library/Developer/CommandLineTools/Library/Frameworks/Python3.framework/Versions/3.9/lib/python3.9/ssl.py", line 1099, in read
    return self._sslobj.read(len, buffer)
socket.timeout: The read operation timed out

[2026-05-28 08:17] Checking availability...
[2026-05-28 08:17]   Weeks: 25/05/2026, 01/06/2026, 08/06/2026, 15/06/2026, 22/06/2026, 29/06/2026
[2026-05-28 08:17] ERROR:
Traceback (most recent call last):
  File "/Users/meganward/personal/padel-booking/check_padel.py", line 442, in <module>
    main()
  File "/Users/meganward/personal/padel-booking/check_padel.py", line 373, in main
    activities = get_activities_for_week(week["NumeroSemana"], week["Anyo"])
  File "/Users/meganward/personal/padel-booking/check_padel.py", line 88, in get_activities_for_week
    result = post_json("/ActBooking/srvc.aspx/ObtenerCuadroActividadesSemanal", body)
  File "/Users/meganward/personal/padel-booking/check_padel.py", line 65, in post_json
    with open_fn(req, timeout=15) as resp:
  File "/Library/Developer/CommandLineTools/Library/Frameworks/Python3.framework/Versions/3.9/lib/python3.9/urllib/request.py", line 214, in urlopen
    return opener.open(url, data, timeout)
  File "/Library/Developer/CommandLineTools/Library/Frameworks/Python3.framework/Versions/3.9/lib/python3.9/urllib/request.py", line 517, in open
    response = self._open(req, data)
  File "/Library/Developer/CommandLineTools/Library/Frameworks/Python3.framework/Versions/3.9/lib/python3.9/urllib/request.py", line 534, in _open
    result = self._call_chain(self.handle_open, protocol, protocol +
  File "/Library/Developer/CommandLineTools/Library/Frameworks/Python3.framework/Versions/3.9/lib/python3.9/urllib/request.py", line 494, in _call_chain
    result = func(*args)
  File "/Library/Developer/CommandLineTools/Library/Frameworks/Python3.framework/Versions/3.9/lib/python3.9/urllib/request.py", line 1389, in https_open
    return self.do_open(http.client.HTTPSConnection, req,
  File "/Library/Developer/CommandLineTools/Library/Frameworks/Python3.framework/Versions/3.9/lib/python3.9/urllib/request.py", line 1350, in do_open
    r = h.getresponse()
  File "/Library/Developer/CommandLineTools/Library/Frameworks/Python3.framework/Versions/3.9/lib/python3.9/http/client.py", line 1349, in getresponse
    response.begin()
  File "/Library/Developer/CommandLineTools/Library/Frameworks/Python3.framework/Versions/3.9/lib/python3.9/http/client.py", line 316, in begin
    version, status, reason = self._read_status()
  File "/Library/Developer/CommandLineTools/Library/Frameworks/Python3.framework/Versions/3.9/lib/python3.9/http/client.py", line 277, in _read_status
    line = str(self.fp.readline(_MAXLINE + 1), "iso-8859-1")
  File "/Library/Developer/CommandLineTools/Library/Frameworks/Python3.framework/Versions/3.9/lib/python3.9/socket.py", line 704, in readinto
    return self._sock.recv_into(b)
  File "/Library/Developer/CommandLineTools/Library/Frameworks/Python3.framework/Versions/3.9/lib/python3.9/ssl.py", line 1241, in recv_into
    return self.read(nbytes, buffer)
  File "/Library/Developer/CommandLineTools/Library/Frameworks/Python3.framework/Versions/3.9/lib/python3.9/ssl.py", line 1099, in read
    return self._sslobj.read(len, buffer)
socket.timeout: The read operation timed out

[2026-05-28 08:27] Checking availability...
[2026-05-28 08:27] ERROR:
Traceback (most recent call last):
  File "/Library/Developer/CommandLineTools/Library/Frameworks/Python3.framework/Versions/3.9/lib/python3.9/urllib/request.py", line 1346, in do_open
    h.request(req.get_method(), req.selector, req.data, headers,
  File "/Library/Developer/CommandLineTools/Library/Frameworks/Python3.framework/Versions/3.9/lib/python3.9/http/client.py", line 1257, in request
    self._send_request(method, url, body, headers, encode_chunked)
  File "/Library/Developer/CommandLineTools/Library/Frameworks/Python3.framework/Versions/3.9/lib/python3.9/http/client.py", line 1303, in _send_request
    self.endheaders(body, encode_chunked=encode_chunked)
  File "/Library/Developer/CommandLineTools/Library/Frameworks/Python3.framework/Versions/3.9/lib/python3.9/http/client.py", line 1252, in endheaders
    self._send_output(message_body, encode_chunked=encode_chunked)
  File "/Library/Developer/CommandLineTools/Library/Frameworks/Python3.framework/Versions/3.9/lib/python3.9/http/client.py", line 1012, in _send_output
    self.send(msg)
  File "/Library/Developer/CommandLineTools/Library/Frameworks/Python3.framework/Versions/3.9/lib/python3.9/http/client.py", line 952, in send
    self.connect()
  File "/Library/Developer/CommandLineTools/Library/Frameworks/Python3.framework/Versions/3.9/lib/python3.9/http/client.py", line 1426, in connect
    self.sock = self._context.wrap_socket(self.sock,
  File "/Library/Developer/CommandLineTools/Library/Frameworks/Python3.framework/Versions/3.9/lib/python3.9/ssl.py", line 500, in wrap_socket
    return self.sslsocket_class._create(
  File "/Library/Developer/CommandLineTools/Library/Frameworks/Python3.framework/Versions/3.9/lib/python3.9/ssl.py", line 1040, in _create
    self.do_handshake()
  File "/Library/Developer/CommandLineTools/Library/Frameworks/Python3.framework/Versions/3.9/lib/python3.9/ssl.py", line 1309, in do_handshake
    self._sslobj.do_handshake()
socket.timeout: _ssl.c:1112: The handshake operation timed out

During handling of the above exception, another exception occurred:

Traceback (most recent call last):
  File "/Users/meganward/personal/padel-booking/check_padel.py", line 442, in <module>
    main()
  File "/Users/meganward/personal/padel-booking/check_padel.py", line 368, in main
    weeks = get_available_weeks()
  File "/Users/meganward/personal/padel-booking/check_padel.py", line 74, in get_available_weeks
    result = post_json("/ActBooking/srvc.aspx/ObtenerSemanas", {})
  File "/Users/meganward/personal/padel-booking/check_padel.py", line 65, in post_json
    with open_fn(req, timeout=15) as resp:
  File "/Library/Developer/CommandLineTools/Library/Frameworks/Python3.framework/Versions/3.9/lib/python3.9/urllib/request.py", line 214, in urlopen
    return opener.open(url, data, timeout)
  File "/Library/Developer/CommandLineTools/Library/Frameworks/Python3.framework/Versions/3.9/lib/python3.9/urllib/request.py", line 517, in open
    response = self._open(req, data)
  File "/Library/Developer/CommandLineTools/Library/Frameworks/Python3.framework/Versions/3.9/lib/python3.9/urllib/request.py", line 534, in _open
    result = self._call_chain(self.handle_open, protocol, protocol +
  File "/Library/Developer/CommandLineTools/Library/Frameworks/Python3.framework/Versions/3.9/lib/python3.9/urllib/request.py", line 494, in _call_chain
    result = func(*args)
  File "/Library/Developer/CommandLineTools/Library/Frameworks/Python3.framework/Versions/3.9/lib/python3.9/urllib/request.py", line 1389, in https_open
    return self.do_open(http.client.HTTPSConnection, req,
  File "/Library/Developer/CommandLineTools/Library/Frameworks/Python3.framework/Versions/3.9/lib/python3.9/urllib/request.py", line 1349, in do_open
    raise URLError(err)
urllib.error.URLError: <urlopen error _ssl.c:1112: The handshake operation timed out>

[2026-05-28 08:43] Checking availability...
[2026-05-28 08:43] ERROR:
Traceback (most recent call last):
  File "/Library/Developer/CommandLineTools/Library/Frameworks/Python3.framework/Versions/3.9/lib/python3.9/urllib/request.py", line 1346, in do_open
    h.request(req.get_method(), req.selector, req.data, headers,
  File "/Library/Developer/CommandLineTools/Library/Frameworks/Python3.framework/Versions/3.9/lib/python3.9/http/client.py", line 1257, in request
    self._send_request(method, url, body, headers, encode_chunked)
  File "/Library/Developer/CommandLineTools/Library/Frameworks/Python3.framework/Versions/3.9/lib/python3.9/http/client.py", line 1303, in _send_request
    self.endheaders(body, encode_chunked=encode_chunked)
  File "/Library/Developer/CommandLineTools/Library/Frameworks/Python3.framework/Versions/3.9/lib/python3.9/http/client.py", line 1252, in endheaders
    self._send_output(message_body, encode_chunked=encode_chunked)
  File "/Library/Developer/CommandLineTools/Library/Frameworks/Python3.framework/Versions/3.9/lib/python3.9/http/client.py", line 1012, in _send_output
    self.send(msg)
  File "/Library/Developer/CommandLineTools/Library/Frameworks/Python3.framework/Versions/3.9/lib/python3.9/http/client.py", line 952, in send
    self.connect()
  File "/Library/Developer/CommandLineTools/Library/Frameworks/Python3.framework/Versions/3.9/lib/python3.9/http/client.py", line 1419, in connect
    super().connect()
  File "/Library/Developer/CommandLineTools/Library/Frameworks/Python3.framework/Versions/3.9/lib/python3.9/http/client.py", line 923, in connect
    self.sock = self._create_connection(
  File "/Library/Developer/CommandLineTools/Library/Frameworks/Python3.framework/Versions/3.9/lib/python3.9/socket.py", line 822, in create_connection
    for res in getaddrinfo(host, port, 0, SOCK_STREAM):
  File "/Library/Developer/CommandLineTools/Library/Frameworks/Python3.framework/Versions/3.9/lib/python3.9/socket.py", line 953, in getaddrinfo
    for res in _socket.getaddrinfo(host, port, family, type, proto, flags):
socket.gaierror: [Errno 8] nodename nor servname provided, or not known

During handling of the above exception, another exception occurred:

Traceback (most recent call last):
  File "/Users/meganward/personal/padel-booking/check_padel.py", line 442, in <module>
    main()
  File "/Users/meganward/personal/padel-booking/check_padel.py", line 368, in main
    weeks = get_available_weeks()
  File "/Users/meganward/personal/padel-booking/check_padel.py", line 74, in get_available_weeks
    result = post_json("/ActBooking/srvc.aspx/ObtenerSemanas", {})
  File "/Users/meganward/personal/padel-booking/check_padel.py", line 65, in post_json
    with open_fn(req, timeout=15) as resp:
  File "/Library/Developer/CommandLineTools/Library/Frameworks/Python3.framework/Versions/3.9/lib/python3.9/urllib/request.py", line 214, in urlopen
    return opener.open(url, data, timeout)
  File "/Library/Developer/CommandLineTools/Library/Frameworks/Python3.framework/Versions/3.9/lib/python3.9/urllib/request.py", line 517, in open
    response = self._open(req, data)
  File "/Library/Developer/CommandLineTools/Library/Frameworks/Python3.framework/Versions/3.9/lib/python3.9/urllib/request.py", line 534, in _open
    result = self._call_chain(self.handle_open, protocol, protocol +
  File "/Library/Developer/CommandLineTools/Library/Frameworks/Python3.framework/Versions/3.9/lib/python3.9/urllib/request.py", line 494, in _call_chain
    result = func(*args)
  File "/Library/Developer/CommandLineTools/Library/Frameworks/Python3.framework/Versions/3.9/lib/python3.9/urllib/request.py", line 1389, in https_open
    return self.do_open(http.client.HTTPSConnection, req,
  File "/Library/Developer/CommandLineTools/Library/Frameworks/Python3.framework/Versions/3.9/lib/python3.9/urllib/request.py", line 1349, in do_open
    raise URLError(err)
urllib.error.URLError: <urlopen error [Errno 8] nodename nor servname provided, or not known>

[2026-05-28 14:31] Checking availability...
[2026-05-28 14:31] ERROR:
Traceback (most recent call last):
  File "/Library/Developer/CommandLineTools/Library/Frameworks/Python3.framework/Versions/3.9/lib/python3.9/urllib/request.py", line 1346, in do_open
    h.request(req.get_method(), req.selector, req.data, headers,
  File "/Library/Developer/CommandLineTools/Library/Frameworks/Python3.framework/Versions/3.9/lib/python3.9/http/client.py", line 1257, in request
    self._send_request(method, url, body, headers, encode_chunked)
  File "/Library/Developer/CommandLineTools/Library/Frameworks/Python3.framework/Versions/3.9/lib/python3.9/http/client.py", line 1303, in _send_request
    self.endheaders(body, encode_chunked=encode_chunked)
  File "/Library/Developer/CommandLineTools/Library/Frameworks/Python3.framework/Versions/3.9/lib/python3.9/http/client.py", line 1252, in endheaders
    self._send_output(message_body, encode_chunked=encode_chunked)
  File "/Library/Developer/CommandLineTools/Library/Frameworks/Python3.framework/Versions/3.9/lib/python3.9/http/client.py", line 1012, in _send_output
    self.send(msg)
  File "/Library/Developer/CommandLineTools/Library/Frameworks/Python3.framework/Versions/3.9/lib/python3.9/http/client.py", line 952, in send
    self.connect()
  File "/Library/Developer/CommandLineTools/Library/Frameworks/Python3.framework/Versions/3.9/lib/python3.9/http/client.py", line 1419, in connect
    super().connect()
  File "/Library/Developer/CommandLineTools/Library/Frameworks/Python3.framework/Versions/3.9/lib/python3.9/http/client.py", line 923, in connect
    self.sock = self._create_connection(
  File "/Library/Developer/CommandLineTools/Library/Frameworks/Python3.framework/Versions/3.9/lib/python3.9/socket.py", line 822, in create_connection
    for res in getaddrinfo(host, port, 0, SOCK_STREAM):
  File "/Library/Developer/CommandLineTools/Library/Frameworks/Python3.framework/Versions/3.9/lib/python3.9/socket.py", line 953, in getaddrinfo
    for res in _socket.getaddrinfo(host, port, family, type, proto, flags):
socket.gaierror: [Errno 8] nodename nor servname provided, or not known

During handling of the above exception, another exception occurred:

Traceback (most recent call last):
  File "/Users/meganward/personal/padel-booking/check_padel.py", line 442, in <module>
    main()
  File "/Users/meganward/personal/padel-booking/check_padel.py", line 368, in main
    weeks = get_available_weeks()
  File "/Users/meganward/personal/padel-booking/check_padel.py", line 74, in get_available_weeks
    result = post_json("/ActBooking/srvc.aspx/ObtenerSemanas", {})
  File "/Users/meganward/personal/padel-booking/check_padel.py", line 65, in post_json
    with open_fn(req, timeout=15) as resp:
  File "/Library/Developer/CommandLineTools/Library/Frameworks/Python3.framework/Versions/3.9/lib/python3.9/urllib/request.py", line 214, in urlopen
    return opener.open(url, data, timeout)
  File "/Library/Developer/CommandLineTools/Library/Frameworks/Python3.framework/Versions/3.9/lib/python3.9/urllib/request.py", line 517, in open
    response = self._open(req, data)
  File "/Library/Developer/CommandLineTools/Library/Frameworks/Python3.framework/Versions/3.9/lib/python3.9/urllib/request.py", line 534, in _open
    result = self._call_chain(self.handle_open, protocol, protocol +
  File "/Library/Developer/CommandLineTools/Library/Frameworks/Python3.framework/Versions/3.9/lib/python3.9/urllib/request.py", line 494, in _call_chain
    result = func(*args)
  File "/Library/Developer/CommandLineTools/Library/Frameworks/Python3.framework/Versions/3.9/lib/python3.9/urllib/request.py", line 1389, in https_open
    return self.do_open(http.client.HTTPSConnection, req,
  File "/Library/Developer/CommandLineTools/Library/Frameworks/Python3.framework/Versions/3.9/lib/python3.9/urllib/request.py", line 1349, in do_open
    raise URLError(err)
urllib.error.URLError: <urlopen error [Errno 8] nodename nor servname provided, or not known>

[2026-05-29 03:06] Checking availability...
[2026-05-29 03:06] ERROR:
Traceback (most recent call last):
  File "/Library/Developer/CommandLineTools/Library/Frameworks/Python3.framework/Versions/3.9/lib/python3.9/urllib/request.py", line 1346, in do_open
    h.request(req.get_method(), req.selector, req.data, headers,
  File "/Library/Developer/CommandLineTools/Library/Frameworks/Python3.framework/Versions/3.9/lib/python3.9/http/client.py", line 1257, in request
    self._send_request(method, url, body, headers, encode_chunked)
  File "/Library/Developer/CommandLineTools/Library/Frameworks/Python3.framework/Versions/3.9/lib/python3.9/http/client.py", line 1303, in _send_request
    self.endheaders(body, encode_chunked=encode_chunked)
  File "/Library/Developer/CommandLineTools/Library/Frameworks/Python3.framework/Versions/3.9/lib/python3.9/http/client.py", line 1252, in endheaders
    self._send_output(message_body, encode_chunked=encode_chunked)
  File "/Library/Developer/CommandLineTools/Library/Frameworks/Python3.framework/Versions/3.9/lib/python3.9/http/client.py", line 1012, in _send_output
    self.send(msg)
  File "/Library/Developer/CommandLineTools/Library/Frameworks/Python3.framework/Versions/3.9/lib/python3.9/http/client.py", line 952, in send
    self.connect()
  File "/Library/Developer/CommandLineTools/Library/Frameworks/Python3.framework/Versions/3.9/lib/python3.9/http/client.py", line 1419, in connect
    super().connect()
  File "/Library/Developer/CommandLineTools/Library/Frameworks/Python3.framework/Versions/3.9/lib/python3.9/http/client.py", line 923, in connect
    self.sock = self._create_connection(
  File "/Library/Developer/CommandLineTools/Library/Frameworks/Python3.framework/Versions/3.9/lib/python3.9/socket.py", line 822, in create_connection
    for res in getaddrinfo(host, port, 0, SOCK_STREAM):
  File "/Library/Developer/CommandLineTools/Library/Frameworks/Python3.framework/Versions/3.9/lib/python3.9/socket.py", line 953, in getaddrinfo
    for res in _socket.getaddrinfo(host, port, family, type, proto, flags):
socket.gaierror: [Errno 8] nodename nor servname provided, or not known

During handling of the above exception, another exception occurred:

Traceback (most recent call last):
  File "/Users/meganward/personal/padel-booking/check_padel.py", line 442, in <module>
    main()
  File "/Users/meganward/personal/padel-booking/check_padel.py", line 368, in main
    weeks = get_available_weeks()
  File "/Users/meganward/personal/padel-booking/check_padel.py", line 74, in get_available_weeks
    result = post_json("/ActBooking/srvc.aspx/ObtenerSemanas", {})
  File "/Users/meganward/personal/padel-booking/check_padel.py", line 65, in post_json
    with open_fn(req, timeout=15) as resp:
  File "/Library/Developer/CommandLineTools/Library/Frameworks/Python3.framework/Versions/3.9/lib/python3.9/urllib/request.py", line 214, in urlopen
    return opener.open(url, data, timeout)
  File "/Library/Developer/CommandLineTools/Library/Frameworks/Python3.framework/Versions/3.9/lib/python3.9/urllib/request.py", line 517, in open
    response = self._open(req, data)
  File "/Library/Developer/CommandLineTools/Library/Frameworks/Python3.framework/Versions/3.9/lib/python3.9/urllib/request.py", line 534, in _open
    result = self._call_chain(self.handle_open, protocol, protocol +
  File "/Library/Developer/CommandLineTools/Library/Frameworks/Python3.framework/Versions/3.9/lib/python3.9/urllib/request.py", line 494, in _call_chain
    result = func(*args)
  File "/Library/Developer/CommandLineTools/Library/Frameworks/Python3.framework/Versions/3.9/lib/python3.9/urllib/request.py", line 1389, in https_open
    return self.do_open(http.client.HTTPSConnection, req,
  File "/Library/Developer/CommandLineTools/Library/Frameworks/Python3.framework/Versions/3.9/lib/python3.9/urllib/request.py", line 1349, in do_open
    raise URLError(err)
urllib.error.URLError: <urlopen error [Errno 8] nodename nor servname provided, or not known>

[2026-05-29 15:50] Checking availability...
[2026-05-29 15:50] ERROR:
Traceback (most recent call last):
  File "/Library/Developer/CommandLineTools/Library/Frameworks/Python3.framework/Versions/3.9/lib/python3.9/urllib/request.py", line 1346, in do_open
    h.request(req.get_method(), req.selector, req.data, headers,
  File "/Library/Developer/CommandLineTools/Library/Frameworks/Python3.framework/Versions/3.9/lib/python3.9/http/client.py", line 1257, in request
    self._send_request(method, url, body, headers, encode_chunked)
  File "/Library/Developer/CommandLineTools/Library/Frameworks/Python3.framework/Versions/3.9/lib/python3.9/http/client.py", line 1303, in _send_request
    self.endheaders(body, encode_chunked=encode_chunked)
  File "/Library/Developer/CommandLineTools/Library/Frameworks/Python3.framework/Versions/3.9/lib/python3.9/http/client.py", line 1252, in endheaders
    self._send_output(message_body, encode_chunked=encode_chunked)
  File "/Library/Developer/CommandLineTools/Library/Frameworks/Python3.framework/Versions/3.9/lib/python3.9/http/client.py", line 1012, in _send_output
    self.send(msg)
  File "/Library/Developer/CommandLineTools/Library/Frameworks/Python3.framework/Versions/3.9/lib/python3.9/http/client.py", line 952, in send
    self.connect()
  File "/Library/Developer/CommandLineTools/Library/Frameworks/Python3.framework/Versions/3.9/lib/python3.9/http/client.py", line 1419, in connect
    super().connect()
  File "/Library/Developer/CommandLineTools/Library/Frameworks/Python3.framework/Versions/3.9/lib/python3.9/http/client.py", line 923, in connect
    self.sock = self._create_connection(
  File "/Library/Developer/CommandLineTools/Library/Frameworks/Python3.framework/Versions/3.9/lib/python3.9/socket.py", line 822, in create_connection
    for res in getaddrinfo(host, port, 0, SOCK_STREAM):
  File "/Library/Developer/CommandLineTools/Library/Frameworks/Python3.framework/Versions/3.9/lib/python3.9/socket.py", line 953, in getaddrinfo
    for res in _socket.getaddrinfo(host, port, family, type, proto, flags):
socket.gaierror: [Errno 8] nodename nor servname provided, or not known

During handling of the above exception, another exception occurred:

Traceback (most recent call last):
  File "/Users/meganward/personal/padel-booking/check_padel.py", line 442, in <module>
    main()
  File "/Users/meganward/personal/padel-booking/check_padel.py", line 368, in main
    weeks = get_available_weeks()
  File "/Users/meganward/personal/padel-booking/check_padel.py", line 74, in get_available_weeks
    result = post_json("/ActBooking/srvc.aspx/ObtenerSemanas", {})
  File "/Users/meganward/personal/padel-booking/check_padel.py", line 65, in post_json
    with open_fn(req, timeout=15) as resp:
  File "/Library/Developer/CommandLineTools/Library/Frameworks/Python3.framework/Versions/3.9/lib/python3.9/urllib/request.py", line 214, in urlopen
    return opener.open(url, data, timeout)
  File "/Library/Developer/CommandLineTools/Library/Frameworks/Python3.framework/Versions/3.9/lib/python3.9/urllib/request.py", line 517, in open
    response = self._open(req, data)
  File "/Library/Developer/CommandLineTools/Library/Frameworks/Python3.framework/Versions/3.9/lib/python3.9/urllib/request.py", line 534, in _open
    result = self._call_chain(self.handle_open, protocol, protocol +
  File "/Library/Developer/CommandLineTools/Library/Frameworks/Python3.framework/Versions/3.9/lib/python3.9/urllib/request.py", line 494, in _call_chain
    result = func(*args)
  File "/Library/Developer/CommandLineTools/Library/Frameworks/Python3.framework/Versions/3.9/lib/python3.9/urllib/request.py", line 1389, in https_open
    return self.do_open(http.client.HTTPSConnection, req,
  File "/Library/Developer/CommandLineTools/Library/Frameworks/Python3.framework/Versions/3.9/lib/python3.9/urllib/request.py", line 1349, in do_open
    raise URLError(err)
urllib.error.URLError: <urlopen error [Errno 8] nodename nor servname provided, or not known>

[2026-05-29 19:14] Checking availability...
[2026-05-29 19:14]   Weeks: 25/05/2026, 01/06/2026, 08/06/2026, 15/06/2026, 22/06/2026, 29/06/2026
[2026-05-29 19:14]   11 available target slot(s) (before detail checks)
[2026-05-29 19:14]   Skip (wrong level): Train and Play Blue — Tuesday 11:00
[2026-05-29 19:14]   Checking court hire availability...
[2026-05-29 19:14]   NOTIFY (court): Court 1 — Sat 30 May, 20:00–21:30 (90 min)
[2026-05-29 19:14]   NOTIFY (court): Court 4 — Sun 31 May, 21:00–22:00 (60 min)
[2026-05-29 19:14]   NOTIFY (court): Court 5 — Sun 31 May, 18:00–19:00 (60 min)
[2026-05-29 19:14]   NOTIFY (court): Court 3: Terra Rossa — Tue 07 Jul, 20:30–21:30 (60 min)
[2026-05-29 19:14]   NOTIFY (court): Court 9: Roofed Outdoor — Wed 08 Jul, 21:00–22:30 (90 min)
[2026-05-29 19:14]   NOTIFY (court): Court 9: Roofed Outdoor — Thu 09 Jul, 21:00–22:30 (90 min)
[2026-05-29 19:14]   NOTIFY (court): Court 8: Showcourt — Thu 09 Jul, 20:00–21:30 (90 min)
[2026-05-29 19:14]   Done — notified for 0 new activity slot(s), 7 new court slot(s).
[2026-05-29 19:24] Checking availability...
[2026-05-29 19:24]   Weeks: 25/05/2026, 01/06/2026, 08/06/2026, 15/06/2026, 22/06/2026, 29/06/2026
[2026-05-29 19:24]   11 available target slot(s) (before detail checks)
[2026-05-29 19:24]   Skip (wrong level): Train and Play Blue — Tuesday 11:00
[2026-05-29 19:24]   Checking court hire availability...
[2026-05-29 19:24]   Done — notified for 0 new activity slot(s), 0 new court slot(s).
[2026-05-29 19:34] Checking availability...
[2026-05-29 19:34]   Weeks: 25/05/2026, 01/06/2026, 08/06/2026, 15/06/2026, 22/06/2026, 29/06/2026
[2026-05-29 19:34]   11 available target slot(s) (before detail checks)
[2026-05-29 19:34]   Skip (wrong level): Train and Play Blue — Tuesday 11:00
[2026-05-29 19:34]   Checking court hire availability...
[2026-05-29 19:35]   Done — notified for 0 new activity slot(s), 0 new court slot(s).
[2026-05-29 19:45] Checking availability...
[2026-05-29 19:45]   Weeks: 25/05/2026, 01/06/2026, 08/06/2026, 15/06/2026, 22/06/2026, 29/06/2026
[2026-05-29 19:45]   11 available target slot(s) (before detail checks)
[2026-05-29 19:45]   Skip (wrong level): Train and Play Blue — Tuesday 11:00
[2026-05-29 19:45]   Checking court hire availability...
[2026-05-29 19:45]   Done — notified for 0 new activity slot(s), 0 new court slot(s).
[2026-05-29 20:45] Checking availability...
[2026-05-29 20:45]   Weeks: 25/05/2026, 01/06/2026, 08/06/2026, 15/06/2026, 22/06/2026, 29/06/2026
[2026-05-29 20:45]   11 available target slot(s) (before detail checks)
[2026-05-29 20:45]   Skip (wrong level): Train and Play Blue — Tuesday 11:00
[2026-05-29 20:45]   Checking court hire availability...
[2026-05-29 20:45]   Done — notified for 0 new activity slot(s), 0 new court slot(s).
[2026-05-30 02:41] Checking availability...
[2026-05-30 02:41]   Weeks: 25/05/2026, 01/06/2026, 08/06/2026, 15/06/2026, 22/06/2026, 29/06/2026
[2026-05-30 03:15] ERROR:
Traceback (most recent call last):
  File "/Users/meganward/personal/padel-booking/check_padel.py", line 442, in <module>
    main()
  File "/Users/meganward/personal/padel-booking/check_padel.py", line 373, in main
    activities = get_activities_for_week(week["NumeroSemana"], week["Anyo"])
  File "/Users/meganward/personal/padel-booking/check_padel.py", line 88, in get_activities_for_week
    result = post_json("/ActBooking/srvc.aspx/ObtenerCuadroActividadesSemanal", body)
  File "/Users/meganward/personal/padel-booking/check_padel.py", line 65, in post_json
    with open_fn(req, timeout=15) as resp:
  File "/Library/Developer/CommandLineTools/Library/Frameworks/Python3.framework/Versions/3.9/lib/python3.9/urllib/request.py", line 214, in urlopen
    return opener.open(url, data, timeout)
  File "/Library/Developer/CommandLineTools/Library/Frameworks/Python3.framework/Versions/3.9/lib/python3.9/urllib/request.py", line 517, in open
    response = self._open(req, data)
  File "/Library/Developer/CommandLineTools/Library/Frameworks/Python3.framework/Versions/3.9/lib/python3.9/urllib/request.py", line 534, in _open
    result = self._call_chain(self.handle_open, protocol, protocol +
  File "/Library/Developer/CommandLineTools/Library/Frameworks/Python3.framework/Versions/3.9/lib/python3.9/urllib/request.py", line 494, in _call_chain
    result = func(*args)
  File "/Library/Developer/CommandLineTools/Library/Frameworks/Python3.framework/Versions/3.9/lib/python3.9/urllib/request.py", line 1389, in https_open
    return self.do_open(http.client.HTTPSConnection, req,
  File "/Library/Developer/CommandLineTools/Library/Frameworks/Python3.framework/Versions/3.9/lib/python3.9/urllib/request.py", line 1350, in do_open
    r = h.getresponse()
  File "/Library/Developer/CommandLineTools/Library/Frameworks/Python3.framework/Versions/3.9/lib/python3.9/http/client.py", line 1349, in getresponse
    response.begin()
  File "/Library/Developer/CommandLineTools/Library/Frameworks/Python3.framework/Versions/3.9/lib/python3.9/http/client.py", line 316, in begin
    version, status, reason = self._read_status()
  File "/Library/Developer/CommandLineTools/Library/Frameworks/Python3.framework/Versions/3.9/lib/python3.9/http/client.py", line 277, in _read_status
    line = str(self.fp.readline(_MAXLINE + 1), "iso-8859-1")
  File "/Library/Developer/CommandLineTools/Library/Frameworks/Python3.framework/Versions/3.9/lib/python3.9/socket.py", line 704, in readinto
    return self._sock.recv_into(b)
  File "/Library/Developer/CommandLineTools/Library/Frameworks/Python3.framework/Versions/3.9/lib/python3.9/ssl.py", line 1241, in recv_into
    return self.read(nbytes, buffer)
  File "/Library/Developer/CommandLineTools/Library/Frameworks/Python3.framework/Versions/3.9/lib/python3.9/ssl.py", line 1099, in read
    return self._sslobj.read(len, buffer)
TimeoutError: [Errno 60] Operation timed out

[2026-05-30 10:44] Checking availability...
[2026-05-30 10:44]   Weeks: 25/05/2026, 01/06/2026, 08/06/2026, 15/06/2026, 22/06/2026, 29/06/2026
[2026-05-30 10:55] ERROR:
Traceback (most recent call last):
  File "/Users/meganward/personal/padel-booking/check_padel.py", line 442, in <module>
    main()
  File "/Users/meganward/personal/padel-booking/check_padel.py", line 373, in main
    activities = get_activities_for_week(week["NumeroSemana"], week["Anyo"])
  File "/Users/meganward/personal/padel-booking/check_padel.py", line 88, in get_activities_for_week
    result = post_json("/ActBooking/srvc.aspx/ObtenerCuadroActividadesSemanal", body)
  File "/Users/meganward/personal/padel-booking/check_padel.py", line 65, in post_json
    with open_fn(req, timeout=15) as resp:
  File "/Library/Developer/CommandLineTools/Library/Frameworks/Python3.framework/Versions/3.9/lib/python3.9/urllib/request.py", line 214, in urlopen
    return opener.open(url, data, timeout)
  File "/Library/Developer/CommandLineTools/Library/Frameworks/Python3.framework/Versions/3.9/lib/python3.9/urllib/request.py", line 517, in open
    response = self._open(req, data)
  File "/Library/Developer/CommandLineTools/Library/Frameworks/Python3.framework/Versions/3.9/lib/python3.9/urllib/request.py", line 534, in _open
    result = self._call_chain(self.handle_open, protocol, protocol +
  File "/Library/Developer/CommandLineTools/Library/Frameworks/Python3.framework/Versions/3.9/lib/python3.9/urllib/request.py", line 494, in _call_chain
    result = func(*args)
  File "/Library/Developer/CommandLineTools/Library/Frameworks/Python3.framework/Versions/3.9/lib/python3.9/urllib/request.py", line 1389, in https_open
    return self.do_open(http.client.HTTPSConnection, req,
  File "/Library/Developer/CommandLineTools/Library/Frameworks/Python3.framework/Versions/3.9/lib/python3.9/urllib/request.py", line 1350, in do_open
    r = h.getresponse()
  File "/Library/Developer/CommandLineTools/Library/Frameworks/Python3.framework/Versions/3.9/lib/python3.9/http/client.py", line 1349, in getresponse
    response.begin()
  File "/Library/Developer/CommandLineTools/Library/Frameworks/Python3.framework/Versions/3.9/lib/python3.9/http/client.py", line 316, in begin
    version, status, reason = self._read_status()
  File "/Library/Developer/CommandLineTools/Library/Frameworks/Python3.framework/Versions/3.9/lib/python3.9/http/client.py", line 277, in _read_status
    line = str(self.fp.readline(_MAXLINE + 1), "iso-8859-1")
  File "/Library/Developer/CommandLineTools/Library/Frameworks/Python3.framework/Versions/3.9/lib/python3.9/socket.py", line 704, in readinto
    return self._sock.recv_into(b)
  File "/Library/Developer/CommandLineTools/Library/Frameworks/Python3.framework/Versions/3.9/lib/python3.9/ssl.py", line 1241, in recv_into
    return self.read(nbytes, buffer)
  File "/Library/Developer/CommandLineTools/Library/Frameworks/Python3.framework/Versions/3.9/lib/python3.9/ssl.py", line 1099, in read
    return self._sslobj.read(len, buffer)
socket.timeout: The read operation timed out

[2026-05-30 15:51] Checking availability...
[2026-05-30 15:51]   Weeks: 25/05/2026, 01/06/2026, 08/06/2026, 15/06/2026, 22/06/2026, 29/06/2026
[2026-05-30 15:51]   10 available target slot(s) (before detail checks)
[2026-05-30 15:51]   Skip (wrong level): Train and Play Blue — Tuesday 11:00
[2026-05-30 15:51]   Checking court hire availability...
[2026-05-30 15:51]   NOTIFY (court): Court 3: Terra Rossa — Fri 10 Jul, 20:00–21:30 (90 min)
[2026-05-30 15:51]   NOTIFY (court): Court 9: Roofed Outdoor — Fri 10 Jul, 20:00–22:30 (150 min)
[2026-05-30 15:51]   NOTIFY (court): Court 6: Estrella Damm — Fri 10 Jul, 18:00–19:00 (60 min)
[2026-05-30 15:51]   NOTIFY (court): Court 7 — Fri 10 Jul, 18:00–19:00 (60 min)
[2026-05-30 15:51]   Done — notified for 0 new activity slot(s), 4 new court slot(s).
[2026-05-30 16:10] Checking availability...
[2026-05-30 16:10]   Weeks: 25/05/2026, 01/06/2026, 08/06/2026, 15/06/2026, 22/06/2026, 29/06/2026
[2026-05-30 16:10]   10 available target slot(s) (before detail checks)
[2026-05-30 16:10]   Skip (wrong level): Train and Play Blue — Tuesday 11:00
[2026-05-30 16:10]   Checking court hire availability...
[2026-05-30 16:10]   NOTIFY (court): Court 3: Terra Rossa — Sun 31 May, 19:00–20:30 (90 min)
[2026-05-30 16:10]   Done — notified for 0 new activity slot(s), 1 new court slot(s).
[2026-05-30 20:02] Checking availability...
[2026-05-30 20:02] ERROR:
Traceback (most recent call last):
  File "/Library/Developer/CommandLineTools/Library/Frameworks/Python3.framework/Versions/3.9/lib/python3.9/urllib/request.py", line 1346, in do_open
    h.request(req.get_method(), req.selector, req.data, headers,
  File "/Library/Developer/CommandLineTools/Library/Frameworks/Python3.framework/Versions/3.9/lib/python3.9/http/client.py", line 1257, in request
    self._send_request(method, url, body, headers, encode_chunked)
  File "/Library/Developer/CommandLineTools/Library/Frameworks/Python3.framework/Versions/3.9/lib/python3.9/http/client.py", line 1303, in _send_request
    self.endheaders(body, encode_chunked=encode_chunked)
  File "/Library/Developer/CommandLineTools/Library/Frameworks/Python3.framework/Versions/3.9/lib/python3.9/http/client.py", line 1252, in endheaders
    self._send_output(message_body, encode_chunked=encode_chunked)
  File "/Library/Developer/CommandLineTools/Library/Frameworks/Python3.framework/Versions/3.9/lib/python3.9/http/client.py", line 1012, in _send_output
    self.send(msg)
  File "/Library/Developer/CommandLineTools/Library/Frameworks/Python3.framework/Versions/3.9/lib/python3.9/http/client.py", line 952, in send
    self.connect()
  File "/Library/Developer/CommandLineTools/Library/Frameworks/Python3.framework/Versions/3.9/lib/python3.9/http/client.py", line 1419, in connect
    super().connect()
  File "/Library/Developer/CommandLineTools/Library/Frameworks/Python3.framework/Versions/3.9/lib/python3.9/http/client.py", line 923, in connect
    self.sock = self._create_connection(
  File "/Library/Developer/CommandLineTools/Library/Frameworks/Python3.framework/Versions/3.9/lib/python3.9/socket.py", line 822, in create_connection
    for res in getaddrinfo(host, port, 0, SOCK_STREAM):
  File "/Library/Developer/CommandLineTools/Library/Frameworks/Python3.framework/Versions/3.9/lib/python3.9/socket.py", line 953, in getaddrinfo
    for res in _socket.getaddrinfo(host, port, family, type, proto, flags):
socket.gaierror: [Errno 8] nodename nor servname provided, or not known

During handling of the above exception, another exception occurred:

Traceback (most recent call last):
  File "/Users/meganward/personal/padel-booking/check_padel.py", line 442, in <module>
    main()
  File "/Users/meganward/personal/padel-booking/check_padel.py", line 368, in main
    weeks = get_available_weeks()
  File "/Users/meganward/personal/padel-booking/check_padel.py", line 74, in get_available_weeks
    result = post_json("/ActBooking/srvc.aspx/ObtenerSemanas", {})
  File "/Users/meganward/personal/padel-booking/check_padel.py", line 65, in post_json
    with open_fn(req, timeout=15) as resp:
  File "/Library/Developer/CommandLineTools/Library/Frameworks/Python3.framework/Versions/3.9/lib/python3.9/urllib/request.py", line 214, in urlopen
    return opener.open(url, data, timeout)
  File "/Library/Developer/CommandLineTools/Library/Frameworks/Python3.framework/Versions/3.9/lib/python3.9/urllib/request.py", line 517, in open
    response = self._open(req, data)
  File "/Library/Developer/CommandLineTools/Library/Frameworks/Python3.framework/Versions/3.9/lib/python3.9/urllib/request.py", line 534, in _open
    result = self._call_chain(self.handle_open, protocol, protocol +
  File "/Library/Developer/CommandLineTools/Library/Frameworks/Python3.framework/Versions/3.9/lib/python3.9/urllib/request.py", line 494, in _call_chain
    result = func(*args)
  File "/Library/Developer/CommandLineTools/Library/Frameworks/Python3.framework/Versions/3.9/lib/python3.9/urllib/request.py", line 1389, in https_open
    return self.do_open(http.client.HTTPSConnection, req,
  File "/Library/Developer/CommandLineTools/Library/Frameworks/Python3.framework/Versions/3.9/lib/python3.9/urllib/request.py", line 1349, in do_open
    raise URLError(err)
urllib.error.URLError: <urlopen error [Errno 8] nodename nor servname provided, or not known>

[2026-05-31 03:23] Checking availability...
[2026-05-31 03:23]   Weeks: 25/05/2026, 01/06/2026, 08/06/2026, 15/06/2026, 22/06/2026, 29/06/2026
[2026-05-31 03:23]   14 available target slot(s) (before detail checks)
[2026-05-31 03:23]   Skip (wrong level): Train and Play Blue — Tuesday 11:00
[2026-05-31 03:23]   Checking court hire availability...
[2026-05-31 04:15]   Court grid fetch failed (29/6/2026): The read operation timed out
[2026-05-31 04:31]   Done — notified for 0 new activity slot(s), 0 new court slot(s).
[2026-05-31 09:41] Checking availability...
[2026-05-31 09:41] ERROR:
Traceback (most recent call last):
  File "/Library/Developer/CommandLineTools/Library/Frameworks/Python3.framework/Versions/3.9/lib/python3.9/urllib/request.py", line 1346, in do_open
    h.request(req.get_method(), req.selector, req.data, headers,
  File "/Library/Developer/CommandLineTools/Library/Frameworks/Python3.framework/Versions/3.9/lib/python3.9/http/client.py", line 1257, in request
    self._send_request(method, url, body, headers, encode_chunked)
  File "/Library/Developer/CommandLineTools/Library/Frameworks/Python3.framework/Versions/3.9/lib/python3.9/http/client.py", line 1303, in _send_request
    self.endheaders(body, encode_chunked=encode_chunked)
  File "/Library/Developer/CommandLineTools/Library/Frameworks/Python3.framework/Versions/3.9/lib/python3.9/http/client.py", line 1252, in endheaders
    self._send_output(message_body, encode_chunked=encode_chunked)
  File "/Library/Developer/CommandLineTools/Library/Frameworks/Python3.framework/Versions/3.9/lib/python3.9/http/client.py", line 1012, in _send_output
    self.send(msg)
  File "/Library/Developer/CommandLineTools/Library/Frameworks/Python3.framework/Versions/3.9/lib/python3.9/http/client.py", line 952, in send
    self.connect()
  File "/Library/Developer/CommandLineTools/Library/Frameworks/Python3.framework/Versions/3.9/lib/python3.9/http/client.py", line 1419, in connect
    super().connect()
  File "/Library/Developer/CommandLineTools/Library/Frameworks/Python3.framework/Versions/3.9/lib/python3.9/http/client.py", line 923, in connect
    self.sock = self._create_connection(
  File "/Library/Developer/CommandLineTools/Library/Frameworks/Python3.framework/Versions/3.9/lib/python3.9/socket.py", line 822, in create_connection
    for res in getaddrinfo(host, port, 0, SOCK_STREAM):
  File "/Library/Developer/CommandLineTools/Library/Frameworks/Python3.framework/Versions/3.9/lib/python3.9/socket.py", line 953, in getaddrinfo
    for res in _socket.getaddrinfo(host, port, family, type, proto, flags):
socket.gaierror: [Errno 8] nodename nor servname provided, or not known

During handling of the above exception, another exception occurred:

Traceback (most recent call last):
  File "/Users/meganward/personal/padel-booking/check_padel.py", line 442, in <module>
    main()
  File "/Users/meganward/personal/padel-booking/check_padel.py", line 368, in main
    weeks = get_available_weeks()
  File "/Users/meganward/personal/padel-booking/check_padel.py", line 74, in get_available_weeks
    result = post_json("/ActBooking/srvc.aspx/ObtenerSemanas", {})
  File "/Users/meganward/personal/padel-booking/check_padel.py", line 65, in post_json
    with open_fn(req, timeout=15) as resp:
  File "/Library/Developer/CommandLineTools/Library/Frameworks/Python3.framework/Versions/3.9/lib/python3.9/urllib/request.py", line 214, in urlopen
    return opener.open(url, data, timeout)
  File "/Library/Developer/CommandLineTools/Library/Frameworks/Python3.framework/Versions/3.9/lib/python3.9/urllib/request.py", line 517, in open
    response = self._open(req, data)
  File "/Library/Developer/CommandLineTools/Library/Frameworks/Python3.framework/Versions/3.9/lib/python3.9/urllib/request.py", line 534, in _open
    result = self._call_chain(self.handle_open, protocol, protocol +
  File "/Library/Developer/CommandLineTools/Library/Frameworks/Python3.framework/Versions/3.9/lib/python3.9/urllib/request.py", line 494, in _call_chain
    result = func(*args)
  File "/Library/Developer/CommandLineTools/Library/Frameworks/Python3.framework/Versions/3.9/lib/python3.9/urllib/request.py", line 1389, in https_open
    return self.do_open(http.client.HTTPSConnection, req,
  File "/Library/Developer/CommandLineTools/Library/Frameworks/Python3.framework/Versions/3.9/lib/python3.9/urllib/request.py", line 1349, in do_open
    raise URLError(err)
urllib.error.URLError: <urlopen error [Errno 8] nodename nor servname provided, or not known>

[2026-05-31 15:58] Checking availability...
[2026-05-31 15:58] ERROR:
Traceback (most recent call last):
  File "/Library/Developer/CommandLineTools/Library/Frameworks/Python3.framework/Versions/3.9/lib/python3.9/urllib/request.py", line 1346, in do_open
    h.request(req.get_method(), req.selector, req.data, headers,
  File "/Library/Developer/CommandLineTools/Library/Frameworks/Python3.framework/Versions/3.9/lib/python3.9/http/client.py", line 1257, in request
    self._send_request(method, url, body, headers, encode_chunked)
  File "/Library/Developer/CommandLineTools/Library/Frameworks/Python3.framework/Versions/3.9/lib/python3.9/http/client.py", line 1303, in _send_request
    self.endheaders(body, encode_chunked=encode_chunked)
  File "/Library/Developer/CommandLineTools/Library/Frameworks/Python3.framework/Versions/3.9/lib/python3.9/http/client.py", line 1252, in endheaders
    self._send_output(message_body, encode_chunked=encode_chunked)
  File "/Library/Developer/CommandLineTools/Library/Frameworks/Python3.framework/Versions/3.9/lib/python3.9/http/client.py", line 1012, in _send_output
    self.send(msg)
  File "/Library/Developer/CommandLineTools/Library/Frameworks/Python3.framework/Versions/3.9/lib/python3.9/http/client.py", line 952, in send
    self.connect()
  File "/Library/Developer/CommandLineTools/Library/Frameworks/Python3.framework/Versions/3.9/lib/python3.9/http/client.py", line 1419, in connect
    super().connect()
  File "/Library/Developer/CommandLineTools/Library/Frameworks/Python3.framework/Versions/3.9/lib/python3.9/http/client.py", line 923, in connect
    self.sock = self._create_connection(
  File "/Library/Developer/CommandLineTools/Library/Frameworks/Python3.framework/Versions/3.9/lib/python3.9/socket.py", line 822, in create_connection
    for res in getaddrinfo(host, port, 0, SOCK_STREAM):
  File "/Library/Developer/CommandLineTools/Library/Frameworks/Python3.framework/Versions/3.9/lib/python3.9/socket.py", line 953, in getaddrinfo
    for res in _socket.getaddrinfo(host, port, family, type, proto, flags):
socket.gaierror: [Errno 8] nodename nor servname provided, or not known

During handling of the above exception, another exception occurred:

Traceback (most recent call last):
  File "/Users/meganward/personal/padel-booking/check_padel.py", line 442, in <module>
    main()
  File "/Users/meganward/personal/padel-booking/check_padel.py", line 368, in main
    weeks = get_available_weeks()
  File "/Users/meganward/personal/padel-booking/check_padel.py", line 74, in get_available_weeks
    result = post_json("/ActBooking/srvc.aspx/ObtenerSemanas", {})
  File "/Users/meganward/personal/padel-booking/check_padel.py", line 65, in post_json
    with open_fn(req, timeout=15) as resp:
  File "/Library/Developer/CommandLineTools/Library/Frameworks/Python3.framework/Versions/3.9/lib/python3.9/urllib/request.py", line 214, in urlopen
    return opener.open(url, data, timeout)
  File "/Library/Developer/CommandLineTools/Library/Frameworks/Python3.framework/Versions/3.9/lib/python3.9/urllib/request.py", line 517, in open
    response = self._open(req, data)
  File "/Library/Developer/CommandLineTools/Library/Frameworks/Python3.framework/Versions/3.9/lib/python3.9/urllib/request.py", line 534, in _open
    result = self._call_chain(self.handle_open, protocol, protocol +
  File "/Library/Developer/CommandLineTools/Library/Frameworks/Python3.framework/Versions/3.9/lib/python3.9/urllib/request.py", line 494, in _call_chain
    result = func(*args)
  File "/Library/Developer/CommandLineTools/Library/Frameworks/Python3.framework/Versions/3.9/lib/python3.9/urllib/request.py", line 1389, in https_open
    return self.do_open(http.client.HTTPSConnection, req,
  File "/Library/Developer/CommandLineTools/Library/Frameworks/Python3.framework/Versions/3.9/lib/python3.9/urllib/request.py", line 1349, in do_open
    raise URLError(err)
urllib.error.URLError: <urlopen error [Errno 8] nodename nor servname provided, or not known>

[2026-05-31 21:10] Checking availability...
[2026-05-31 21:10] ERROR:
Traceback (most recent call last):
  File "/Library/Developer/CommandLineTools/Library/Frameworks/Python3.framework/Versions/3.9/lib/python3.9/urllib/request.py", line 1346, in do_open
    h.request(req.get_method(), req.selector, req.data, headers,
  File "/Library/Developer/CommandLineTools/Library/Frameworks/Python3.framework/Versions/3.9/lib/python3.9/http/client.py", line 1257, in request
    self._send_request(method, url, body, headers, encode_chunked)
  File "/Library/Developer/CommandLineTools/Library/Frameworks/Python3.framework/Versions/3.9/lib/python3.9/http/client.py", line 1303, in _send_request
    self.endheaders(body, encode_chunked=encode_chunked)
  File "/Library/Developer/CommandLineTools/Library/Frameworks/Python3.framework/Versions/3.9/lib/python3.9/http/client.py", line 1252, in endheaders
    self._send_output(message_body, encode_chunked=encode_chunked)
  File "/Library/Developer/CommandLineTools/Library/Frameworks/Python3.framework/Versions/3.9/lib/python3.9/http/client.py", line 1012, in _send_output
    self.send(msg)
  File "/Library/Developer/CommandLineTools/Library/Frameworks/Python3.framework/Versions/3.9/lib/python3.9/http/client.py", line 952, in send
    self.connect()
  File "/Library/Developer/CommandLineTools/Library/Frameworks/Python3.framework/Versions/3.9/lib/python3.9/http/client.py", line 1419, in connect
    super().connect()
  File "/Library/Developer/CommandLineTools/Library/Frameworks/Python3.framework/Versions/3.9/lib/python3.9/http/client.py", line 923, in connect
    self.sock = self._create_connection(
  File "/Library/Developer/CommandLineTools/Library/Frameworks/Python3.framework/Versions/3.9/lib/python3.9/socket.py", line 822, in create_connection
    for res in getaddrinfo(host, port, 0, SOCK_STREAM):
  File "/Library/Developer/CommandLineTools/Library/Frameworks/Python3.framework/Versions/3.9/lib/python3.9/socket.py", line 953, in getaddrinfo
    for res in _socket.getaddrinfo(host, port, family, type, proto, flags):
socket.gaierror: [Errno 8] nodename nor servname provided, or not known

During handling of the above exception, another exception occurred:

Traceback (most recent call last):
  File "/Users/meganward/personal/padel-booking/check_padel.py", line 442, in <module>
    main()
  File "/Users/meganward/personal/padel-booking/check_padel.py", line 368, in main
    weeks = get_available_weeks()
  File "/Users/meganward/personal/padel-booking/check_padel.py", line 74, in get_available_weeks
    result = post_json("/ActBooking/srvc.aspx/ObtenerSemanas", {})
  File "/Users/meganward/personal/padel-booking/check_padel.py", line 65, in post_json
    with open_fn(req, timeout=15) as resp:
  File "/Library/Developer/CommandLineTools/Library/Frameworks/Python3.framework/Versions/3.9/lib/python3.9/urllib/request.py", line 214, in urlopen
    return opener.open(url, data, timeout)
  File "/Library/Developer/CommandLineTools/Library/Frameworks/Python3.framework/Versions/3.9/lib/python3.9/urllib/request.py", line 517, in open
    response = self._open(req, data)
  File "/Library/Developer/CommandLineTools/Library/Frameworks/Python3.framework/Versions/3.9/lib/python3.9/urllib/request.py", line 534, in _open
    result = self._call_chain(self.handle_open, protocol, protocol +
  File "/Library/Developer/CommandLineTools/Library/Frameworks/Python3.framework/Versions/3.9/lib/python3.9/urllib/request.py", line 494, in _call_chain
    result = func(*args)
  File "/Library/Developer/CommandLineTools/Library/Frameworks/Python3.framework/Versions/3.9/lib/python3.9/urllib/request.py", line 1389, in https_open
    return self.do_open(http.client.HTTPSConnection, req,
  File "/Library/Developer/CommandLineTools/Library/Frameworks/Python3.framework/Versions/3.9/lib/python3.9/urllib/request.py", line 1349, in do_open
    raise URLError(err)
urllib.error.URLError: <urlopen error [Errno 8] nodename nor servname provided, or not known>

[2026-05-31 22:46] Checking availability...
[2026-05-31 22:46]   Weeks: 25/05/2026, 01/06/2026, 08/06/2026, 15/06/2026, 22/06/2026, 29/06/2026
[2026-05-31 22:46]   9 available target slot(s) (before detail checks)
[2026-05-31 22:46]   Skip (wrong level): Train and Play Blue — Tuesday 11:00
[2026-05-31 22:46]   Skip (wrong level): Train and Play Blue — Tuesday 11:00
[2026-05-31 22:46]   Checking court hire availability...
[2026-05-31 22:46]   NOTIFY (court): Court 9: Roofed Outdoor — Sat 11 Jul, 21:00–22:30 (90 min)
[2026-05-31 22:46]   NOTIFY (court): Court 8: Showcourt — Sat 11 Jul, 20:00–21:30 (90 min)
[2026-05-31 22:46]   Done — notified for 0 new activity slot(s), 2 new court slot(s).
[2026-06-01 00:03] Checking availability...
[2026-06-01 00:03]   Weeks: 01/06/2026, 08/06/2026, 15/06/2026, 22/06/2026, 29/06/2026
[2026-06-01 00:03]   9 available target slot(s) (before detail checks)
[2026-06-01 00:03]   Skip (wrong level): Train and Play Blue — Tuesday 11:00
[2026-06-01 00:03]   Skip (wrong level): Train and Play Blue — Tuesday 11:00
[2026-06-01 00:03]   Checking court hire availability...
[2026-06-01 00:03]   Court grid fetch failed (5/7/2026): <urlopen error timed out>
[2026-06-01 00:03]   Done — notified for 0 new activity slot(s), 0 new court slot(s).
[2026-06-01 02:15] Checking availability...
[2026-06-01 02:15]   Weeks: 01/06/2026, 08/06/2026, 15/06/2026, 22/06/2026, 29/06/2026
[2026-06-01 02:16]   9 available target slot(s) (before detail checks)
[2026-06-01 02:16]   Skip (wrong level): Train and Play Blue — Tuesday 11:00
[2026-06-01 02:16]   Skip (wrong level): Train and Play Blue — Tuesday 11:00
[2026-06-01 02:16]   Checking court hire availability...
[2026-06-01 02:16]   Court grid fetch failed (9/7/2026): <urlopen error timed out>
[2026-06-01 02:16]   Done — notified for 0 new activity slot(s), 0 new court slot(s).
[2026-06-01 04:33] Checking availability...
[2026-06-01 04:33]   Weeks: 01/06/2026, 08/06/2026, 15/06/2026, 22/06/2026, 29/06/2026
[2026-06-01 04:33]   9 available target slot(s) (before detail checks)
[2026-06-01 04:33]   Skip (wrong level): Train and Play Blue — Tuesday 11:00
[2026-06-01 04:33]   Skip (wrong level): Train and Play Blue — Tuesday 11:00
[2026-06-01 04:33]   Checking court hire availability...
[2026-06-01 04:33]   Done — notified for 0 new activity slot(s), 0 new court slot(s).
[2026-06-01 06:50] Checking availability...
[2026-06-01 06:50]   Weeks: 01/06/2026, 08/06/2026, 15/06/2026, 22/06/2026, 29/06/2026
[2026-06-01 06:50]   9 available target slot(s) (before detail checks)
[2026-06-01 06:50]   Skip (wrong level): Train and Play Blue — Tuesday 11:00
[2026-06-01 06:50]   Skip (wrong level): Train and Play Blue — Tuesday 11:00
[2026-06-01 06:50]   Checking court hire availability...
[2026-06-01 06:51]   Done — notified for 0 new activity slot(s), 0 new court slot(s).
[2026-06-01 08:18] Checking availability...
[2026-06-01 08:18]   Weeks: 01/06/2026, 08/06/2026, 15/06/2026, 22/06/2026, 29/06/2026
[2026-06-01 08:23] ERROR:
Traceback (most recent call last):
  File "/Library/Developer/CommandLineTools/Library/Frameworks/Python3.framework/Versions/3.9/lib/python3.9/urllib/request.py", line 1346, in do_open
    h.request(req.get_method(), req.selector, req.data, headers,
  File "/Library/Developer/CommandLineTools/Library/Frameworks/Python3.framework/Versions/3.9/lib/python3.9/http/client.py", line 1257, in request
    self._send_request(method, url, body, headers, encode_chunked)
  File "/Library/Developer/CommandLineTools/Library/Frameworks/Python3.framework/Versions/3.9/lib/python3.9/http/client.py", line 1303, in _send_request
    self.endheaders(body, encode_chunked=encode_chunked)
  File "/Library/Developer/CommandLineTools/Library/Frameworks/Python3.framework/Versions/3.9/lib/python3.9/http/client.py", line 1252, in endheaders
    self._send_output(message_body, encode_chunked=encode_chunked)
  File "/Library/Developer/CommandLineTools/Library/Frameworks/Python3.framework/Versions/3.9/lib/python3.9/http/client.py", line 1012, in _send_output
    self.send(msg)
  File "/Library/Developer/CommandLineTools/Library/Frameworks/Python3.framework/Versions/3.9/lib/python3.9/http/client.py", line 952, in send
    self.connect()
  File "/Library/Developer/CommandLineTools/Library/Frameworks/Python3.framework/Versions/3.9/lib/python3.9/http/client.py", line 1426, in connect
    self.sock = self._context.wrap_socket(self.sock,
  File "/Library/Developer/CommandLineTools/Library/Frameworks/Python3.framework/Versions/3.9/lib/python3.9/ssl.py", line 500, in wrap_socket
    return self.sslsocket_class._create(
  File "/Library/Developer/CommandLineTools/Library/Frameworks/Python3.framework/Versions/3.9/lib/python3.9/ssl.py", line 1040, in _create
    self.do_handshake()
  File "/Library/Developer/CommandLineTools/Library/Frameworks/Python3.framework/Versions/3.9/lib/python3.9/ssl.py", line 1309, in do_handshake
    self._sslobj.do_handshake()
socket.timeout: _ssl.c:1112: The handshake operation timed out

During handling of the above exception, another exception occurred:

Traceback (most recent call last):
  File "/Users/meganward/personal/padel-booking/check_padel.py", line 442, in <module>
    main()
  File "/Users/meganward/personal/padel-booking/check_padel.py", line 373, in main
    activities = get_activities_for_week(week["NumeroSemana"], week["Anyo"])
  File "/Users/meganward/personal/padel-booking/check_padel.py", line 88, in get_activities_for_week
    result = post_json("/ActBooking/srvc.aspx/ObtenerCuadroActividadesSemanal", body)
  File "/Users/meganward/personal/padel-booking/check_padel.py", line 65, in post_json
    with open_fn(req, timeout=15) as resp:
  File "/Library/Developer/CommandLineTools/Library/Frameworks/Python3.framework/Versions/3.9/lib/python3.9/urllib/request.py", line 214, in urlopen
    return opener.open(url, data, timeout)
  File "/Library/Developer/CommandLineTools/Library/Frameworks/Python3.framework/Versions/3.9/lib/python3.9/urllib/request.py", line 517, in open
    response = self._open(req, data)
  File "/Library/Developer/CommandLineTools/Library/Frameworks/Python3.framework/Versions/3.9/lib/python3.9/urllib/request.py", line 534, in _open
    result = self._call_chain(self.handle_open, protocol, protocol +
  File "/Library/Developer/CommandLineTools/Library/Frameworks/Python3.framework/Versions/3.9/lib/python3.9/urllib/request.py", line 494, in _call_chain
    result = func(*args)
  File "/Library/Developer/CommandLineTools/Library/Frameworks/Python3.framework/Versions/3.9/lib/python3.9/urllib/request.py", line 1389, in https_open
    return self.do_open(http.client.HTTPSConnection, req,
  File "/Library/Developer/CommandLineTools/Library/Frameworks/Python3.framework/Versions/3.9/lib/python3.9/urllib/request.py", line 1349, in do_open
    raise URLError(err)
urllib.error.URLError: <urlopen error _ssl.c:1112: The handshake operation timed out>

[2026-06-01 09:16] Checking availability...
[2026-06-01 09:16] ERROR:
Traceback (most recent call last):
  File "/Library/Developer/CommandLineTools/Library/Frameworks/Python3.framework/Versions/3.9/lib/python3.9/urllib/request.py", line 1346, in do_open
    h.request(req.get_method(), req.selector, req.data, headers,
  File "/Library/Developer/CommandLineTools/Library/Frameworks/Python3.framework/Versions/3.9/lib/python3.9/http/client.py", line 1257, in request
    self._send_request(method, url, body, headers, encode_chunked)
  File "/Library/Developer/CommandLineTools/Library/Frameworks/Python3.framework/Versions/3.9/lib/python3.9/http/client.py", line 1303, in _send_request
    self.endheaders(body, encode_chunked=encode_chunked)
  File "/Library/Developer/CommandLineTools/Library/Frameworks/Python3.framework/Versions/3.9/lib/python3.9/http/client.py", line 1252, in endheaders
    self._send_output(message_body, encode_chunked=encode_chunked)
  File "/Library/Developer/CommandLineTools/Library/Frameworks/Python3.framework/Versions/3.9/lib/python3.9/http/client.py", line 1012, in _send_output
    self.send(msg)
  File "/Library/Developer/CommandLineTools/Library/Frameworks/Python3.framework/Versions/3.9/lib/python3.9/http/client.py", line 952, in send
    self.connect()
  File "/Library/Developer/CommandLineTools/Library/Frameworks/Python3.framework/Versions/3.9/lib/python3.9/http/client.py", line 1419, in connect
    super().connect()
  File "/Library/Developer/CommandLineTools/Library/Frameworks/Python3.framework/Versions/3.9/lib/python3.9/http/client.py", line 923, in connect
    self.sock = self._create_connection(
  File "/Library/Developer/CommandLineTools/Library/Frameworks/Python3.framework/Versions/3.9/lib/python3.9/socket.py", line 822, in create_connection
    for res in getaddrinfo(host, port, 0, SOCK_STREAM):
  File "/Library/Developer/CommandLineTools/Library/Frameworks/Python3.framework/Versions/3.9/lib/python3.9/socket.py", line 953, in getaddrinfo
    for res in _socket.getaddrinfo(host, port, family, type, proto, flags):
socket.gaierror: [Errno 8] nodename nor servname provided, or not known

During handling of the above exception, another exception occurred:

Traceback (most recent call last):
  File "/Users/meganward/personal/padel-booking/check_padel.py", line 442, in <module>
    main()
  File "/Users/meganward/personal/padel-booking/check_padel.py", line 368, in main
    weeks = get_available_weeks()
  File "/Users/meganward/personal/padel-booking/check_padel.py", line 74, in get_available_weeks
    result = post_json("/ActBooking/srvc.aspx/ObtenerSemanas", {})
  File "/Users/meganward/personal/padel-booking/check_padel.py", line 65, in post_json
    with open_fn(req, timeout=15) as resp:
  File "/Library/Developer/CommandLineTools/Library/Frameworks/Python3.framework/Versions/3.9/lib/python3.9/urllib/request.py", line 214, in urlopen
    return opener.open(url, data, timeout)
  File "/Library/Developer/CommandLineTools/Library/Frameworks/Python3.framework/Versions/3.9/lib/python3.9/urllib/request.py", line 517, in open
    response = self._open(req, data)
  File "/Library/Developer/CommandLineTools/Library/Frameworks/Python3.framework/Versions/3.9/lib/python3.9/urllib/request.py", line 534, in _open
    result = self._call_chain(self.handle_open, protocol, protocol +
  File "/Library/Developer/CommandLineTools/Library/Frameworks/Python3.framework/Versions/3.9/lib/python3.9/urllib/request.py", line 494, in _call_chain
    result = func(*args)
  File "/Library/Developer/CommandLineTools/Library/Frameworks/Python3.framework/Versions/3.9/lib/python3.9/urllib/request.py", line 1389, in https_open
    return self.do_open(http.client.HTTPSConnection, req,
  File "/Library/Developer/CommandLineTools/Library/Frameworks/Python3.framework/Versions/3.9/lib/python3.9/urllib/request.py", line 1349, in do_open
    raise URLError(err)
urllib.error.URLError: <urlopen error [Errno 8] nodename nor servname provided, or not known>

[2026-06-01 09:43] Checking availability...
[2026-06-01 09:43]   Weeks: 01/06/2026, 08/06/2026, 15/06/2026, 22/06/2026, 29/06/2026
[2026-06-01 09:43]   10 available target slot(s) (before detail checks)
[2026-06-01 09:43]   Skip (wrong level): Train and Play Blue — Tuesday 11:00
[2026-06-01 09:43]   Skip (wrong level): Train and Play Blue — Tuesday 11:00
[2026-06-01 09:43]   Checking court hire availability...
[2026-06-01 09:43]   NOTIFY (court): Court 2: Joma Padel — Sun 12 Jul, 18:00–19:00 (60 min)
[2026-06-01 09:43]   NOTIFY (court): Court 2: Joma Padel — Sun 12 Jul, 20:30–22:00 (90 min)
[2026-06-01 09:43]   NOTIFY (court): Court 3: Terra Rossa — Sun 12 Jul, 19:30–20:30 (60 min)
[2026-06-01 09:43]   NOTIFY (court): Court 4 — Sun 12 Jul, 21:00–22:00 (60 min)
[2026-06-01 09:43]   NOTIFY (court): Court 9: Roofed Outdoor — Sun 12 Jul, 18:30–20:00 (90 min)
[2026-06-01 09:43]   NOTIFY (court): Court 6: Estrella Damm — Sun 12 Jul, 18:00–19:30 (90 min)
[2026-06-01 09:43]   NOTIFY (court): Court 6: Estrella Damm — Sun 12 Jul, 21:00–22:00 (60 min)
[2026-06-01 09:43]   NOTIFY (court): Court 7 — Sun 12 Jul, 19:00–20:30 (90 min)
[2026-06-01 09:43]   NOTIFY (court): Court 8: Showcourt — Sun 12 Jul, 18:00–19:00 (60 min)
[2026-06-01 09:43]   NOTIFY (court): Court 8: Showcourt — Sun 12 Jul, 20:30–22:00 (90 min)
[2026-06-01 09:43]   Done — notified for 0 new activity slot(s), 10 new court slot(s).
[2026-06-01 09:53] Checking availability...
[2026-06-01 09:53]   Weeks: 01/06/2026, 08/06/2026, 15/06/2026, 22/06/2026, 29/06/2026
[2026-06-01 09:53]   10 available target slot(s) (before detail checks)
[2026-06-01 09:53]   Skip (wrong level): Train and Play Blue — Tuesday 11:00
[2026-06-01 09:53]   Skip (wrong level): Train and Play Blue — Tuesday 11:00
[2026-06-01 09:53]   Checking court hire availability...
[2026-06-01 09:53]   Court grid fetch failed (28/6/2026): <urlopen error timed out>
[2026-06-01 09:53]   Done — notified for 0 new activity slot(s), 0 new court slot(s).
[2026-06-01 10:03] Checking availability...
[2026-06-01 10:03]   Weeks: 01/06/2026, 08/06/2026, 15/06/2026, 22/06/2026, 29/06/2026
[2026-06-01 10:03]   9 available target slot(s) (before detail checks)
[2026-06-01 10:03]   Skip (wrong level): Train and Play Blue — Tuesday 11:00
[2026-06-01 10:03]   Skip (wrong level): Train and Play Blue — Tuesday 11:00
[2026-06-01 10:03]   Checking court hire availability...
[2026-06-01 10:04]   Done — notified for 0 new activity slot(s), 0 new court slot(s).
[2026-06-01 10:14] Checking availability...
[2026-06-01 10:14]   Weeks: 01/06/2026, 08/06/2026, 15/06/2026, 22/06/2026, 29/06/2026
[2026-06-01 10:14]   9 available target slot(s) (before detail checks)
[2026-06-01 10:14]   Skip (wrong level): Train and Play Blue — Tuesday 11:00
[2026-06-01 10:14]   Skip (wrong level): Train and Play Blue — Tuesday 11:00
[2026-06-01 10:14]   Checking court hire availability...
[2026-06-01 10:14]   Done — notified for 0 new activity slot(s), 0 new court slot(s).
[2026-06-01 10:24] Checking availability...
[2026-06-01 10:24]   Weeks: 01/06/2026, 08/06/2026, 15/06/2026, 22/06/2026, 29/06/2026
[2026-06-01 10:24]   9 available target slot(s) (before detail checks)
[2026-06-01 10:24]   Skip (wrong level): Train and Play Blue — Tuesday 11:00
[2026-06-01 10:24]   Skip (wrong level): Train and Play Blue — Tuesday 11:00
[2026-06-01 10:24]   Checking court hire availability...
[2026-06-01 10:24]   Done — notified for 0 new activity slot(s), 0 new court slot(s).
[2026-06-01 10:34] Checking availability...
[2026-06-01 10:34]   Weeks: 01/06/2026, 08/06/2026, 15/06/2026, 22/06/2026, 29/06/2026
[2026-06-01 10:34]   9 available target slot(s) (before detail checks)
[2026-06-01 10:34]   Skip (wrong level): Train and Play Blue — Tuesday 11:00
[2026-06-01 10:34]   Skip (wrong level): Train and Play Blue — Tuesday 11:00
[2026-06-01 10:34]   Checking court hire availability...
[2026-06-01 10:34]   Done — notified for 0 new activity slot(s), 0 new court slot(s).
[2026-06-01 10:44] Checking availability...
[2026-06-01 10:44]   Weeks: 01/06/2026, 08/06/2026, 15/06/2026, 22/06/2026, 29/06/2026
[2026-06-01 10:44]   9 available target slot(s) (before detail checks)
[2026-06-01 10:44]   Skip (wrong level): Train and Play Blue — Tuesday 11:00
[2026-06-01 10:44]   Skip (wrong level): Train and Play Blue — Tuesday 11:00
[2026-06-01 10:44]   Checking court hire availability...
[2026-06-01 10:44]   NOTIFY (court): Court 4 — Thu 04 Jun, 18:30–19:30 (60 min)
[2026-06-01 10:44]   Done — notified for 0 new activity slot(s), 1 new court slot(s).
[2026-06-01 10:54] Checking availability...
[2026-06-01 10:54]   Weeks: 01/06/2026, 08/06/2026, 15/06/2026, 22/06/2026, 29/06/2026
[2026-06-01 10:54]   9 available target slot(s) (before detail checks)
[2026-06-01 10:54]   Skip (wrong level): Train and Play Blue — Tuesday 11:00
[2026-06-01 10:54]   Skip (wrong level): Train and Play Blue — Tuesday 11:00
[2026-06-01 10:54]   Checking court hire availability...
[2026-06-01 10:54]   Done — notified for 0 new activity slot(s), 0 new court slot(s).
[2026-06-01 11:04] Checking availability...
[2026-06-01 11:04]   Weeks: 01/06/2026, 08/06/2026, 15/06/2026, 22/06/2026, 29/06/2026
[2026-06-01 11:04]   9 available target slot(s) (before detail checks)
[2026-06-01 11:04]   Skip (wrong level): Train and Play Blue — Tuesday 11:00
[2026-06-01 11:04]   Skip (wrong level): Train and Play Blue — Tuesday 11:00
[2026-06-01 11:04]   Checking court hire availability...
[2026-06-01 11:05]   Done — notified for 0 new activity slot(s), 0 new court slot(s).
[2026-06-01 11:15] Checking availability...
[2026-06-01 11:15]   Weeks: 01/06/2026, 08/06/2026, 15/06/2026, 22/06/2026, 29/06/2026
[2026-06-01 11:15]   9 available target slot(s) (before detail checks)
[2026-06-01 11:15]   Skip (wrong level): Train and Play Blue — Tuesday 11:00
[2026-06-01 11:15]   Skip (wrong level): Train and Play Blue — Tuesday 11:00
[2026-06-01 11:15]   Checking court hire availability...
[2026-06-01 11:15]   Done — notified for 0 new activity slot(s), 0 new court slot(s).
[2026-06-01 11:25] Checking availability...
[2026-06-01 11:25]   Weeks: 01/06/2026, 08/06/2026, 15/06/2026, 22/06/2026, 29/06/2026
[2026-06-01 11:25]   10 available target slot(s) (before detail checks)
[2026-06-01 11:25]   Skip (excluded instructor): Train and Play Blue — Wednesday 16:00
[2026-06-01 11:25]   Skip (wrong level): Train and Play Blue — Tuesday 11:00
[2026-06-01 11:25]   Skip (wrong level): Train and Play Blue — Tuesday 11:00
[2026-06-01 11:25]   Checking court hire availability...
[2026-06-01 11:25]   Done — notified for 0 new activity slot(s), 0 new court slot(s).
[2026-06-01 11:35] Checking availability...
[2026-06-01 11:35]   Weeks: 01/06/2026, 08/06/2026, 15/06/2026, 22/06/2026, 29/06/2026
[2026-06-01 11:35]   10 available target slot(s) (before detail checks)
[2026-06-01 11:35]   Skip (excluded instructor): Train and Play Blue — Wednesday 16:00
[2026-06-01 11:35]   Skip (wrong level): Train and Play Blue — Tuesday 11:00
[2026-06-01 11:35]   Skip (wrong level): Train and Play Blue — Tuesday 11:00
[2026-06-01 11:35]   Checking court hire availability...
[2026-06-01 11:35]   Court grid fetch failed (9/6/2026): <urlopen error timed out>
[2026-06-01 11:35]   Done — notified for 0 new activity slot(s), 0 new court slot(s).
[2026-06-01 11:45] Checking availability...
[2026-06-01 11:45]   Weeks: 01/06/2026, 08/06/2026, 15/06/2026, 22/06/2026, 29/06/2026
[2026-06-01 11:45]   10 available target slot(s) (before detail checks)
[2026-06-01 11:45]   Skip (excluded instructor): Train and Play Blue — Wednesday 16:00
[2026-06-01 11:45]   Skip (wrong level): Train and Play Blue — Tuesday 11:00
[2026-06-01 11:45]   Skip (wrong level): Train and Play Blue — Tuesday 11:00
[2026-06-01 11:45]   Checking court hire availability...
[2026-06-01 11:46]   Court grid fetch failed (27/6/2026): <urlopen error timed out>
[2026-06-01 11:46]   Done — notified for 0 new activity slot(s), 0 new court slot(s).
[2026-06-01 11:56] Checking availability...
[2026-06-01 11:56]   Weeks: 01/06/2026, 08/06/2026, 15/06/2026, 22/06/2026, 29/06/2026
[2026-06-01 11:56]   10 available target slot(s) (before detail checks)
[2026-06-01 11:56]   Skip (excluded instructor): Train and Play Blue — Wednesday 16:00
[2026-06-01 11:56]   Skip (wrong level): Train and Play Blue — Tuesday 11:00
[2026-06-01 11:56]   Skip (wrong level): Train and Play Blue — Tuesday 11:00
[2026-06-01 11:56]   Checking court hire availability...
[2026-06-01 11:56]   Done — notified for 0 new activity slot(s), 0 new court slot(s).
[2026-06-01 12:06] Checking availability...
[2026-06-01 12:06]   Weeks: 01/06/2026, 08/06/2026, 15/06/2026, 22/06/2026, 29/06/2026
[2026-06-01 12:06]   10 available target slot(s) (before detail checks)
[2026-06-01 12:06]   Skip (excluded instructor): Train and Play Blue — Wednesday 16:00
[2026-06-01 12:06]   Skip (wrong level): Train and Play Blue — Tuesday 11:00
[2026-06-01 12:06]   Skip (wrong level): Train and Play Blue — Tuesday 11:00
[2026-06-01 12:06]   Checking court hire availability...
[2026-06-01 12:06]   Court grid fetch failed (12/7/2026): <urlopen error timed out>
[2026-06-01 12:06]   Done — notified for 0 new activity slot(s), 0 new court slot(s).
[2026-06-01 12:16] Checking availability...
[2026-06-01 12:16]   Weeks: 01/06/2026, 08/06/2026, 15/06/2026, 22/06/2026, 29/06/2026
[2026-06-01 12:16]   10 available target slot(s) (before detail checks)
[2026-06-01 12:16]   Skip (excluded instructor): Train and Play Blue — Wednesday 16:00
[2026-06-01 12:16]   Skip (wrong level): Train and Play Blue — Tuesday 11:00
[2026-06-01 12:16]   Skip (wrong level): Train and Play Blue — Tuesday 11:00
[2026-06-01 12:16]   Checking court hire availability...
[2026-06-01 12:17]   Done — notified for 0 new activity slot(s), 0 new court slot(s).
[2026-06-01 12:27] Checking availability...
[2026-06-01 12:27]   Weeks: 01/06/2026, 08/06/2026, 15/06/2026, 22/06/2026, 29/06/2026
[2026-06-01 12:27]   9 available target slot(s) (before detail checks)
[2026-06-01 12:27]   Skip (wrong level): Train and Play Blue — Tuesday 11:00
[2026-06-01 12:27]   Skip (wrong level): Train and Play Blue — Tuesday 11:00
[2026-06-01 12:27]   Checking court hire availability...
[2026-06-01 12:27]   Done — notified for 0 new activity slot(s), 0 new court slot(s).
[2026-06-01 12:37] Checking availability...
[2026-06-01 12:37]   Weeks: 01/06/2026, 08/06/2026, 15/06/2026, 22/06/2026, 29/06/2026
[2026-06-01 12:37]   9 available target slot(s) (before detail checks)
[2026-06-01 12:37]   Skip (wrong level): Train and Play Blue — Tuesday 11:00
[2026-06-01 12:37]   Skip (wrong level): Train and Play Blue — Tuesday 11:00
[2026-06-01 12:37]   Checking court hire availability...
[2026-06-01 12:37]   Court grid fetch failed (27/6/2026): <urlopen error timed out>
[2026-06-01 12:37]   Done — notified for 0 new activity slot(s), 0 new court slot(s).
[2026-06-01 12:47] Checking availability...
[2026-06-01 12:47]   Weeks: 01/06/2026, 08/06/2026, 15/06/2026, 22/06/2026, 29/06/2026
[2026-06-01 12:47]   9 available target slot(s) (before detail checks)
[2026-06-01 12:47]   Skip (wrong level): Train and Play Blue — Tuesday 11:00
[2026-06-01 12:47]   Skip (wrong level): Train and Play Blue — Tuesday 11:00
[2026-06-01 12:47]   Checking court hire availability...
[2026-06-01 12:47]   Done — notified for 0 new activity slot(s), 0 new court slot(s).
[2026-06-01 12:57] Checking availability...
[2026-06-01 12:57]   Weeks: 01/06/2026, 08/06/2026, 15/06/2026, 22/06/2026, 29/06/2026
[2026-06-01 12:57]   9 available target slot(s) (before detail checks)
[2026-06-01 12:57]   Skip (wrong level): Train and Play Blue — Tuesday 11:00
[2026-06-01 12:57]   Skip (wrong level): Train and Play Blue — Tuesday 11:00
[2026-06-01 12:57]   Checking court hire availability...
[2026-06-01 12:58]   Done — notified for 0 new activity slot(s), 0 new court slot(s).
[2026-06-01 13:08] Checking availability...
[2026-06-01 13:08]   Weeks: 01/06/2026, 08/06/2026, 15/06/2026, 22/06/2026, 29/06/2026
[2026-06-01 13:08]   9 available target slot(s) (before detail checks)
[2026-06-01 13:08]   Skip (wrong level): Train and Play Blue — Tuesday 11:00
[2026-06-01 13:08]   Skip (wrong level): Train and Play Blue — Tuesday 11:00
[2026-06-01 13:08]   Checking court hire availability...
[2026-06-01 13:08]   Done — notified for 0 new activity slot(s), 0 new court slot(s).
[2026-06-01 13:18] Checking availability...
[2026-06-01 13:18]   Weeks: 01/06/2026, 08/06/2026, 15/06/2026, 22/06/2026, 29/06/2026
[2026-06-01 13:18]   9 available target slot(s) (before detail checks)
[2026-06-01 13:18]   Skip (wrong level): Train and Play Blue — Tuesday 11:00
[2026-06-01 13:18]   Skip (wrong level): Train and Play Blue — Tuesday 11:00
[2026-06-01 13:18]   Checking court hire availability...
[2026-06-01 13:18]   Done — notified for 0 new activity slot(s), 0 new court slot(s).
[2026-06-01 13:28] Checking availability...
[2026-06-01 13:28]   Weeks: 01/06/2026, 08/06/2026, 15/06/2026, 22/06/2026, 29/06/2026
[2026-06-01 13:28]   9 available target slot(s) (before detail checks)
[2026-06-01 13:28]   Skip (wrong level): Train and Play Blue — Tuesday 11:00
[2026-06-01 13:28]   Skip (wrong level): Train and Play Blue — Tuesday 11:00
[2026-06-01 13:28]   Checking court hire availability...
[2026-06-01 13:28]   Done — notified for 0 new activity slot(s), 0 new court slot(s).
[2026-06-01 13:38] Checking availability...
[2026-06-01 13:38]   Weeks: 01/06/2026, 08/06/2026, 15/06/2026, 22/06/2026, 29/06/2026
[2026-06-01 13:38]   9 available target slot(s) (before detail checks)
[2026-06-01 13:38]   Skip (wrong level): Train and Play Blue — Tuesday 11:00
[2026-06-01 13:38]   Skip (wrong level): Train and Play Blue — Tuesday 11:00
[2026-06-01 13:38]   Checking court hire availability...
[2026-06-01 13:39]   Court grid fetch failed (10/6/2026): <urlopen error timed out>
[2026-06-01 13:39]   Done — notified for 0 new activity slot(s), 0 new court slot(s).
[2026-06-01 13:49] Checking availability...
[2026-06-01 13:49]   Weeks: 01/06/2026, 08/06/2026, 15/06/2026, 22/06/2026, 29/06/2026
[2026-06-01 13:49]   9 available target slot(s) (before detail checks)
[2026-06-01 13:49]   Skip (wrong level): Train and Play Blue — Tuesday 11:00
[2026-06-01 13:49]   Skip (wrong level): Train and Play Blue — Tuesday 11:00
[2026-06-01 13:49]   Checking court hire availability...
[2026-06-01 13:49]   Court grid fetch failed (3/7/2026): <urlopen error timed out>
[2026-06-01 13:49]   Done — notified for 0 new activity slot(s), 0 new court slot(s).
[2026-06-01 13:59] Checking availability...
[2026-06-01 13:59]   Weeks: 01/06/2026, 08/06/2026, 15/06/2026, 22/06/2026, 29/06/2026
[2026-06-01 13:59]   8 available target slot(s) (before detail checks)
[2026-06-01 13:59]   Skip (wrong level): Train and Play Blue — Tuesday 11:00
[2026-06-01 13:59]   Skip (wrong level): Train and Play Blue — Tuesday 11:00
[2026-06-01 13:59]   Checking court hire availability...
[2026-06-01 13:59]   Done — notified for 0 new activity slot(s), 0 new court slot(s).
[2026-06-01 14:09] Checking availability...
[2026-06-01 14:09]   Weeks: 01/06/2026, 08/06/2026, 15/06/2026, 22/06/2026, 29/06/2026
[2026-06-01 14:09]   8 available target slot(s) (before detail checks)
[2026-06-01 14:09]   Skip (wrong level): Train and Play Blue — Tuesday 11:00
[2026-06-01 14:09]   Skip (wrong level): Train and Play Blue — Tuesday 11:00
[2026-06-01 14:09]   Checking court hire availability...
[2026-06-01 14:09]   Done — notified for 0 new activity slot(s), 0 new court slot(s).
[2026-06-01 14:19] Checking availability...
[2026-06-01 14:19]   Weeks: 01/06/2026, 08/06/2026, 15/06/2026, 22/06/2026, 29/06/2026
[2026-06-01 14:19]   8 available target slot(s) (before detail checks)
[2026-06-01 14:19]   Skip (wrong level): Train and Play Blue — Tuesday 11:00
[2026-06-01 14:19]   Skip (wrong level): Train and Play Blue — Tuesday 11:00
[2026-06-01 14:19]   Checking court hire availability...
[2026-06-01 14:20]   Done — notified for 0 new activity slot(s), 0 new court slot(s).
[2026-06-01 14:30] Checking availability...
[2026-06-01 14:30]   Weeks: 01/06/2026, 08/06/2026, 15/06/2026, 22/06/2026, 29/06/2026
[2026-06-01 14:30]   8 available target slot(s) (before detail checks)
[2026-06-01 14:30]   Skip (wrong level): Train and Play Blue — Tuesday 11:00
[2026-06-01 14:30]   Skip (wrong level): Train and Play Blue — Tuesday 11:00
[2026-06-01 14:30]   Checking court hire availability...
[2026-06-01 14:30]   Done — notified for 0 new activity slot(s), 0 new court slot(s).
[2026-06-01 14:40] Checking availability...
[2026-06-01 14:40]   Weeks: 01/06/2026, 08/06/2026, 15/06/2026, 22/06/2026, 29/06/2026
[2026-06-01 14:40]   8 available target slot(s) (before detail checks)
[2026-06-01 14:40]   Skip (wrong level): Train and Play Blue — Tuesday 11:00
[2026-06-01 14:40]   Skip (wrong level): Train and Play Blue — Tuesday 11:00
[2026-06-01 14:40]   Checking court hire availability...
[2026-06-01 14:40]   Done — notified for 0 new activity slot(s), 0 new court slot(s).
[2026-06-01 14:42] Checking availability...
[2026-06-01 14:42]   Weeks: 01/06/2026, 08/06/2026, 15/06/2026, 22/06/2026, 29/06/2026, 06/07/2026
[2026-06-01 14:42]   9 available target slot(s) (before detail checks)
[2026-06-01 14:42]   Skip (wrong level): Train and Play Blue — Tuesday 11:00
[2026-06-01 14:42]   Skip (wrong level): Train and Play Blue — Tuesday 11:00
[2026-06-01 14:42]   NOTIFY: Train and Play Blue — Sun 12 Jul, 16:00–18:00 (3 free)
[2026-06-01 14:42]   Checking court hire availability...
[2026-06-01 14:42]   Done — notified for 1 new activity slot(s), 0 new court slot(s).
[2026-06-01 14:50] Checking availability...
[2026-06-01 14:50]   Weeks: 01/06/2026, 08/06/2026, 15/06/2026, 22/06/2026, 29/06/2026, 06/07/2026
[2026-06-01 14:50]   8 available target slot(s) (before detail checks)
[2026-06-01 14:50]   Skip (wrong level): Train and Play Blue — Tuesday 11:00
[2026-06-01 14:50]   Skip (wrong level): Train and Play Blue — Tuesday 11:00
[2026-06-01 14:50]   Checking court hire availability...
[2026-06-01 14:50]   Done — notified for 0 new activity slot(s), 0 new court slot(s).
